County FIPS Code,State Name,County Name,No APTC ,Yes APTC,Total Plan Selections
02013,AK,Aleutians East Borough,11,27,38
02016,AK,Aleutians West Census Area,14,24,38
02020,AK,Anchorage Municipality,1426,8058,9484
02050,AK,Bethel Census Area,14,59,73
02060,AK,Bristol Bay Borough,.,.,34
02068,AK,Denali Borough,16,148,164
02070,AK,Dillingham Census Area,.,.,31
02090,AK,Fairbanks North Star Borough,351,2031,2382
02100,AK,Haines Borough,35,250,285
02105,AK,Hoonah-Angoon Census Area,.,.,117
02110,AK,Juneau City and Borough,166,916,1082
02122,AK,Kenai Peninsula Borough,317,2404,2721
02130,AK,Ketchikan Gateway Borough,81,472,553
02150,AK,Kodiak Island Borough,79,769,848
02164,AK,Lake and Peninsula Borough,.,.,34
02170,AK,Matanuska-Susitna Borough,417,2801,3218
02180,AK,Nome Census Area,14,43,57
02185,AK,North Slope Borough,.,.,33
02188,AK,Northwest Arctic Borough,.,.,28
02195,AK,Petersburg Census Area,32,197,229
02198,AK,Prince of Wales-Hyder Census Area,13,99,112
02220,AK,Sitka City and Borough,53,419,472
02230,AK,Skagway Municipality,20,156,176
02240,AK,Southeast Fairbanks Census Area,17,157,174
02261,AK,Valdez-Cordova Census Area,88,373,461
02270,AK,Wade Hampton Census Area,.,.,16
02275,AK,Wrangell City and Borough,13,83,96
02282,AK,Yakutat City and Borough,.,.,17
02290,AK,Yukon-Koyukuk Census Area,12,43,55
01001,AL,Autauga County,228,1668,1896
01003,AL,Baldwin County,1308,10470,11778
01005,AL,Barbour County,80,721,801
01007,AL,Bibb County,60,569,629
01009,AL,Blount County,223,2041,2264
01011,AL,Bullock County,35,299,334
01013,AL,Butler County,72,744,816
01015,AL,Calhoun County,392,3574,3966
01017,AL,Chambers County,107,1021,1128
01019,AL,Cherokee County,72,854,926
01021,AL,Chilton County,172,1767,1939
01023,AL,Choctaw County,66,586,652
01025,AL,Clarke County,96,1176,1272
01027,AL,Clay County,44,445,489
01029,AL,Cleburne County,58,552,610
01031,AL,Coffee County,142,1346,1488
01033,AL,Colbert County,204,2046,2250
01035,AL,Conecuh County,50,498,548
01037,AL,Coosa County,39,345,384
01039,AL,Covington County,112,1340,1452
01041,AL,Crenshaw County,47,519,566
01043,AL,Cullman County,320,3075,3395
01045,AL,Dale County,139,1336,1475
01047,AL,Dallas County,177,1507,1684
01049,AL,DeKalb County,186,2861,3047
01051,AL,Elmore County,307,2302,2609
01053,AL,Escambia County,115,1087,1202
01055,AL,Etowah County,330,4309,4639
01057,AL,Fayette County,51,526,577
01059,AL,Franklin County,101,959,1060
01061,AL,Geneva County,78,895,973
01063,AL,Greene County,35,288,323
01065,AL,Hale County,59,534,593
01067,AL,Henry County,69,653,722
01069,AL,Houston County,435,3623,4058
01071,AL,Jackson County,190,1887,2077
01073,AL,Jefferson County,3659,22990,26649
01075,AL,Lamar County,37,470,507
01077,AL,Lauderdale County,418,3588,4006
01079,AL,Lawrence County,102,1366,1468
01081,AL,Lee County,615,4840,5455
01083,AL,Limestone County,365,2894,3259
01085,AL,Lowndes County,46,369,415
01087,AL,Macon County,83,626,709
01089,AL,Madison County,2148,13210,15358
01091,AL,Marengo County,70,714,784
01093,AL,Marion County,87,1065,1152
01095,AL,Marshall County,316,3502,3818
01097,AL,Mobile County,2421,16892,19313
01099,AL,Monroe County,88,947,1035
01101,AL,Montgomery County,1138,7578,8716
01103,AL,Morgan County,514,4773,5287
01105,AL,Perry County,39,305,344
01107,AL,Pickens County,44,589,633
01109,AL,Pike County,102,912,1014
01111,AL,Randolph County,50,793,843
01113,AL,Russell County,174,1805,1979
01115,AL,St. Clair County,357,2958,3315
01117,AL,Shelby County,1319,7237,8556
01119,AL,Sumter County,47,428,475
01121,AL,Talladega County,250,2321,2571
01123,AL,Tallapoosa County,138,1458,1596
01125,AL,Tuscaloosa County,765,5840,6605
01127,AL,Walker County,219,2196,2415
01129,AL,Washington County,43,577,620
01131,AL,Wilcox County,52,449,501
01133,AL,Winston County,68,959,1027
05001,AR,Arkansas County,61,404,465
05003,AR,Ashley County,49,503,552
05005,AR,Baxter County,130,1230,1360
05007,AR,Benton County,1138,5476,6614
05009,AR,Boone County,104,946,1050
05011,AR,Bradley County,23,265,288
05013,AR,Calhoun County,16,113,129
05015,AR,Carroll County,104,928,1032
05017,AR,Chicot County,18,242,260
05019,AR,Clark County,76,400,476
05021,AR,Clay County,32,316,348
05023,AR,Cleburne County,92,787,879
05025,AR,Cleveland County,20,142,162
05027,AR,Columbia County,65,366,431
05029,AR,Conway County,38,511,549
05031,AR,Craighead County,311,2109,2420
05033,AR,Crawford County,204,1272,1476
05035,AR,Crittenden County,144,949,1093
05037,AR,Cross County,41,380,421
05039,AR,Dallas County,17,132,149
05041,AR,Desha County,35,268,303
05043,AR,Drew County,82,428,510
05045,AR,Faulkner County,407,2641,3048
05047,AR,Franklin County,26,332,358
05049,AR,Fulton County,24,257,281
05051,AR,Garland County,361,2941,3302
05053,AR,Grant County,41,423,464
05055,AR,Greene County,104,807,911
05057,AR,Hempstead County,38,372,410
05059,AR,Hot Spring County,88,768,856
05061,AR,Howard County,31,263,294
05063,AR,Independence County,132,962,1094
05065,AR,Izard County,40,267,307
05067,AR,Jackson County,34,321,355
05069,AR,Jefferson County,172,1097,1269
05071,AR,Johnson County,56,437,493
05073,AR,Lafayette County,15,136,151
05075,AR,Lawrence County,40,386,426
05077,AR,Lee County,19,184,203
05079,AR,Lincoln County,35,227,262
05081,AR,Little River County,27,236,263
05083,AR,Logan County,53,414,467
05085,AR,Lonoke County,161,1379,1540
05087,AR,Madison County,37,407,444
05089,AR,Marion County,30,436,466
05091,AR,Miller County,113,751,864
05093,AR,Mississippi County,79,775,854
05095,AR,Monroe County,22,176,198
05097,AR,Montgomery County,33,298,331
05099,AR,Nevada County,17,183,200
05101,AR,Newton County,11,234,245
05103,AR,Ouachita County,55,484,539
05105,AR,Perry County,31,226,257
05107,AR,Phillips County,44,355,399
05109,AR,Pike County,42,300,342
05111,AR,Poinsett County,43,535,578
05113,AR,Polk County,54,445,499
05115,AR,Pope County,178,1204,1382
05117,AR,Prairie County,19,197,216
05119,AR,Pulaski County,1623,7940,9563
05121,AR,Randolph County,38,400,438
05123,AR,St. Francis County,44,406,450
05125,AR,Saline County,389,2359,2748
05127,AR,Scott County,20,134,154
05129,AR,Searcy County,11,263,274
05131,AR,Sebastian County,376,2467,2843
05133,AR,Sevier County,34,280,314
05135,AR,Sharp County,34,479,513
05137,AR,Stone County,37,334,371
05139,AR,Union County,91,780,871
05141,AR,Van Buren County,34,436,470
05143,AR,Washington County,956,5571,6527
05145,AR,White County,200,1743,1943
05147,AR,Woodruff County,19,153,172
05149,AR,Yell County,50,407,457
04001,AZ,Apache County,33,476,509
04003,AZ,Cochise County,431,2775,3206
04005,AZ,Coconino County,543,3654,4197
04007,AZ,Gila County,194,1258,1452
04009,AZ,Graham County,107,798,905
04011,AZ,Greenlee County,19,89,108
04012,AZ,La Paz County,37,294,331
04013,AZ,Maricopa County,39624,86693,126317
04015,AZ,Mohave County,463,6062,6525
04017,AZ,Navajo County,170,1972,2142
04019,AZ,Pima County,8398,22763,31161
04021,AZ,Pinal County,1146,8521,9667
04023,AZ,Santa Cruz County,293,1818,2111
04025,AZ,Yavapai County,798,9077,9875
04027,AZ,Yuma County,553,4005,4558
10001,DE,Kent County,551,3269,3820
10003,DE,New Castle County,3401,13299,16700
10005,DE,Sussex County,1206,6530,7736
12001,FL,Alachua County,1714,13112,14826
12003,FL,Baker County,77,966,1043
12005,FL,Bay County,1304,10263,11567
12007,FL,Bradford County,113,1050,1163
12009,FL,Brevard County,3637,34142,37779
12011,FL,Broward County,22757,219027,241784
12013,FL,Calhoun County,28,475,503
12015,FL,Charlotte County,1091,10360,11451
12017,FL,Citrus County,850,9167,10017
12019,FL,Clay County,1300,9149,10449
12021,FL,Collier County,2908,25375,28283
12023,FL,Columbia County,289,3200,3489
12027,FL,DeSoto County,84,1348,1432
12029,FL,Dixie County,39,628,667
12031,FL,Duval County,7467,48785,56252
12033,FL,Escambia County,1642,12315,13957
12035,FL,Flagler County,660,6813,7473
12037,FL,Franklin County,60,688,748
12039,FL,Gadsden County,156,1537,1693
12041,FL,Gilchrist County,49,698,747
12043,FL,Glades County,38,469,507
12045,FL,Gulf County,101,720,821
12047,FL,Hamilton County,22,521,543
12049,FL,Hardee County,64,1073,1137
12051,FL,Hendry County,122,2519,2641
12053,FL,Hernando County,994,11041,12035
12055,FL,Highlands County,435,4875,5310
12057,FL,Hillsborough County,10701,73240,83941
12059,FL,Holmes County,45,744,789
12061,FL,Indian River County,1249,9147,10396
12063,FL,Jackson County,132,1763,1895
12065,FL,Jefferson County,59,567,626
12067,FL,Lafayette County,13,307,320
12069,FL,Lake County,2338,19985,22323
12071,FL,Lee County,4073,45748,49821
12073,FL,Leon County,1301,10995,12296
12075,FL,Levy County,168,2185,2353
12077,FL,Liberty County,17,178,195
12079,FL,Madison County,36,784,820
12081,FL,Manatee County,2552,18772,21324
12083,FL,Marion County,1887,20383,22270
12085,FL,Martin County,1551,10352,11903
12086,FL,Miami-Dade County,22113,370788,392901
12087,FL,Monroe County,542,6607,7149
12089,FL,Nassau County,448,3762,4210
12091,FL,Okaloosa County,1212,8156,9368
12093,FL,Okeechobee County,133,1668,1801
12095,FL,Orange County,10550,110363,120913
12097,FL,Osceola County,1884,33848,35732
12099,FL,Palm Beach County,13949,135012,148961
12101,FL,Pasco County,3485,29170,32655
12103,FL,Pinellas County,7273,58948,66221
12105,FL,Polk County,3117,31039,34156
12107,FL,Putnam County,291,3437,3728
12109,FL,St. Johns County,1864,11275,13139
12111,FL,St. Lucie County,1965,23662,25627
12113,FL,Santa Rosa County,992,6122,7114
12115,FL,Sarasota County,3399,25026,28425
12117,FL,Seminole County,4256,32874,37130
12119,FL,Sumter County,508,3762,4270
12121,FL,Suwannee County,128,1935,2063
12123,FL,Taylor County,57,567,624
12125,FL,Union County,48,310,358
12127,FL,Volusia County,3899,36363,40262
12129,FL,Wakulla County,101,894,995
12131,FL,Walton County,643,3811,4454
12133,FL,Washington County,55,906,961
13001,GA,Appling County,69,674,743
13003,GA,Atkinson County,.,.,245
13005,GA,Bacon County,23,332,355
13007,GA,Baker County,.,.,154
13009,GA,Baldwin County,149,1303,1452
13011,GA,Banks County,99,918,1017
13013,GA,Barrow County,433,2862,3295
13015,GA,Bartow County,537,4557,5094
13017,GA,Ben Hill County,53,538,591
13019,GA,Berrien County,35,577,612
13021,GA,Bibb County,835,6096,6931
13023,GA,Bleckley County,24,415,439
13025,GA,Brantley County,68,722,790
13027,GA,Brooks County,27,617,644
13029,GA,Bryan County,370,1848,2218
13031,GA,Bulloch County,543,3479,4022
13033,GA,Burke County,121,1181,1302
13035,GA,Butts County,119,910,1029
13037,GA,Calhoun County,16,199,215
13039,GA,Camden County,204,1916,2120
13043,GA,Candler County,57,695,752
13045,GA,Carroll County,652,5990,6642
13047,GA,Catoosa County,279,2354,2633
13049,GA,Charlton County,27,281,308
13051,GA,Chatham County,3799,15140,18939
13053,GA,Chattahoochee County,12,108,120
13055,GA,Chattooga County,61,808,869
13057,GA,Cherokee County,2551,11594,14145
13059,GA,Clarke County,885,3827,4712
13061,GA,Clay County,.,.,132
13063,GA,Clayton County,2149,19337,21486
13065,GA,Clinch County,15,150,165
13067,GA,Cobb County,7356,44104,51460
13069,GA,Coffee County,158,1475,1633
13071,GA,Colquitt County,165,1803,1968
13073,GA,Columbia County,1071,5420,6491
13075,GA,Cook County,47,625,672
13077,GA,Coweta County,835,6329,7164
13079,GA,Crawford County,47,611,658
13081,GA,Crisp County,75,940,1015
13083,GA,Dade County,92,593,685
13085,GA,Dawson County,161,1336,1497
13087,GA,Decatur County,89,1414,1503
13089,GA,DeKalb County,8846,43472,52318
13091,GA,Dodge County,84,751,835
13093,GA,Dooly County,27,342,369
13095,GA,Dougherty County,304,3379,3683
13097,GA,Douglas County,945,9029,9974
13099,GA,Early County,32,397,429
13101,GA,Echols County,.,.,76
13103,GA,Effingham County,467,2599,3066
13105,GA,Elbert County,68,735,803
13107,GA,Emanuel County,128,1243,1371
13109,GA,Evans County,66,518,584
13111,GA,Fannin County,132,1464,1596
13113,GA,Fayette County,1076,4899,5975
13115,GA,Floyd County,483,4066,4549
13117,GA,Forsyth County,2525,9198,11723
13119,GA,Franklin County,66,876,942
13121,GA,Fulton County,14164,49228,63392
13123,GA,Gilmer County,132,1405,1537
13125,GA,Glascock County,11,102,113
13127,GA,Glynn County,653,5317,5970
13129,GA,Gordon County,183,1822,2005
13131,GA,Grady County,65,949,1014
13133,GA,Greene County,136,608,744
13135,GA,Gwinnett County,8860,72773,81633
13137,GA,Habersham County,195,1830,2025
13139,GA,Hall County,1214,9138,10352
13141,GA,Hancock County,38,336,374
13143,GA,Haralson County,154,1726,1880
13145,GA,Harris County,157,1038,1195
13147,GA,Hart County,107,1020,1127
13149,GA,Heard County,47,503,550
13151,GA,Henry County,1694,11392,13086
13153,GA,Houston County,564,4668,5232
13155,GA,Irwin County,29,294,323
13157,GA,Jackson County,315,2114,2429
13159,GA,Jasper County,64,545,609
13161,GA,Jeff Davis County,52,538,590
13163,GA,Jefferson County,84,753,837
13165,GA,Jenkins County,45,343,388
13167,GA,Johnson County,24,393,417
13169,GA,Jones County,110,979,1089
13171,GA,Lamar County,84,818,902
13173,GA,Lanier County,16,243,259
13175,GA,Laurens County,213,2470,2683
13177,GA,Lee County,80,1169,1249
13179,GA,Liberty County,315,1839,2154
13181,GA,Lincoln County,32,408,440
13183,GA,Long County,74,408,482
13185,GA,Lowndes County,246,3240,3486
13187,GA,Lumpkin County,180,1323,1503
13189,GA,McDuffie County,113,906,1019
13191,GA,McIntosh County,76,944,1020
13193,GA,Macon County,38,377,415
13195,GA,Madison County,128,898,1026
13197,GA,Marion County,31,247,278
13199,GA,Meriwether County,80,823,903
13201,GA,Miller County,12,329,341
13205,GA,Mitchell County,55,865,920
13207,GA,Monroe County,121,1054,1175
13209,GA,Montgomery County,15,257,272
13211,GA,Morgan County,147,828,975
13213,GA,Murray County,91,1157,1248
13215,GA,Muscogee County,921,5919,6840
13217,GA,Newton County,701,5894,6595
13219,GA,Oconee County,291,1249,1540
13221,GA,Oglethorpe County,75,581,656
13223,GA,Paulding County,912,7747,8659
13225,GA,Peach County,107,1105,1212
13227,GA,Pickens County,158,1391,1549
13229,GA,Pierce County,39,492,531
13231,GA,Pike County,68,572,640
13233,GA,Polk County,177,1829,2006
13235,GA,Pulaski County,15,306,321
13237,GA,Putnam County,113,803,916
13239,GA,Quitman County,12,72,84
13241,GA,Rabun County,96,1088,1184
13243,GA,Randolph County,15,305,320
13245,GA,Richmond County,1269,8990,10259
13247,GA,Rockdale County,706,5902,6608
13249,GA,Schley County,11,167,178
13251,GA,Screven County,101,755,856
13253,GA,Seminole County,27,371,398
13255,GA,Spalding County,312,2494,2806
13257,GA,Stephens County,82,788,870
13259,GA,Stewart County,14,168,182
13261,GA,Sumter County,135,1334,1469
13263,GA,Talbot County,35,251,286
13265,GA,Taliaferro County,.,.,78
13267,GA,Tattnall County,97,752,849
13269,GA,Taylor County,20,217,237
13271,GA,Telfair County,42,321,363
13273,GA,Terrell County,30,359,389
13275,GA,Thomas County,179,2025,2204
13277,GA,Tift County,101,1306,1407
13279,GA,Toombs County,67,833,900
13281,GA,Towns County,59,700,759
13283,GA,Treutlen County,.,.,263
13285,GA,Troup County,276,2897,3173
13287,GA,Turner County,29,304,333
13289,GA,Twiggs County,24,326,350
13291,GA,Union County,138,1193,1331
13293,GA,Upson County,85,971,1056
13295,GA,Walker County,297,2383,2680
13297,GA,Walton County,650,3677,4327
13299,GA,Ware County,75,876,951
13301,GA,Warren County,33,290,323
13303,GA,Washington County,70,788,858
13305,GA,Wayne County,116,1281,1397
13307,GA,Webster County,11,134,145
13309,GA,Wheeler County,.,.,178
13311,GA,White County,130,1861,1991
13313,GA,Whitfield County,301,3267,3568
13315,GA,Wilcox County,11,283,294
13317,GA,Wilkes County,53,445,498
13319,GA,Wilkinson County,43,367,410
13321,GA,Worth County,43,642,685
15001,HI,Hawaii County,517,2888,3405
15003,HI,Honolulu County,1479,6444,7923
15007,HI,Kauai County,178,649,827
15009,HI,Maui County,538,1871,2409
19001,IA,Adair County,17,138,155
19003,IA,Adams County,12,57,69
19005,IA,Allamakee County,11,468,479
19007,IA,Appanoose County,16,254,270
19009,IA,Audubon County,.,.,138
19011,IA,Benton County,84,420,504
19013,IA,Black Hawk County,302,1664,1966
19015,IA,Boone County,36,384,420
19017,IA,Bremer County,50,320,370
19019,IA,Buchanan County,43,310,353
19021,IA,Buena Vista County,37,281,318
19023,IA,Butler County,30,244,274
19025,IA,Calhoun County,.,.,217
19027,IA,Carroll County,28,284,312
19029,IA,Cass County,27,228,255
19031,IA,Cedar County,29,248,277
19033,IA,Cerro Gordo County,84,626,710
19035,IA,Cherokee County,21,199,220
19037,IA,Chickasaw County,13,256,269
19039,IA,Clarke County,19,143,162
19041,IA,Clay County,33,303,336
19043,IA,Clayton County,32,384,416
19045,IA,Clinton County,75,775,850
19047,IA,Crawford County,24,255,279
19049,IA,Dallas County,495,944,1439
19051,IA,Davis County,.,.,102
19053,IA,Decatur County,22,171,193
19055,IA,Delaware County,22,284,306
19057,IA,Des Moines County,54,584,638
19059,IA,Dickinson County,41,367,408
19061,IA,Dubuque County,133,1226,1359
19063,IA,Emmet County,.,.,163
19065,IA,Fayette County,27,426,453
19067,IA,Floyd County,21,234,255
19069,IA,Franklin County,13,146,159
19071,IA,Fremont County,24,133,157
19073,IA,Greene County,.,.,161
19075,IA,Grundy County,19,152,171
19077,IA,Guthrie County,32,264,296
19079,IA,Hamilton County,18,239,257
19081,IA,Hancock County,.,.,172
19083,IA,Hardin County,23,338,361
19085,IA,Harrison County,43,319,362
19087,IA,Henry County,12,212,224
19089,IA,Howard County,17,264,281
19091,IA,Humboldt County,14,145,159
19093,IA,Ida County,14,116,130
19095,IA,Iowa County,20,296,316
19097,IA,Jackson County,19,330,349
19099,IA,Jasper County,103,519,622
19101,IA,Jefferson County,39,506,545
19103,IA,Johnson County,398,1838,2236
19105,IA,Jones County,35,303,338
19107,IA,Keokuk County,.,.,163
19109,IA,Kossuth County,24,268,292
19111,IA,Lee County,30,594,624
19113,IA,Linn County,629,3075,3704
19115,IA,Louisa County,.,.,142
19117,IA,Lucas County,.,.,128
19119,IA,Lyon County,.,.,154
19121,IA,Madison County,78,280,358
19123,IA,Mahaska County,25,287,312
19125,IA,Marion County,83,422,505
19127,IA,Marshall County,43,490,533
19129,IA,Mills County,53,228,281
19131,IA,Mitchell County,13,159,172
19133,IA,Monona County,15,195,210
19135,IA,Monroe County,16,106,122
19137,IA,Montgomery County,15,184,199
19139,IA,Muscatine County,99,661,760
19141,IA,O'Brien County,15,168,183
19143,IA,Osceola County,.,.,84
19145,IA,Page County,16,212,228
19147,IA,Palo Alto County,.,.,154
19149,IA,Plymouth County,51,386,437
19151,IA,Pocahontas County,.,.,105
19153,IA,Polk County,2449,6519,8968
19155,IA,Pottawattamie County,325,1418,1743
19157,IA,Poweshiek County,21,274,295
19159,IA,Ringgold County,.,.,139
19161,IA,Sac County,14,220,234
19163,IA,Scott County,537,2852,3389
19165,IA,Shelby County,20,215,235
19167,IA,Sioux County,45,362,407
19169,IA,Story County,126,1006,1132
19171,IA,Tama County,19,236,255
19173,IA,Taylor County,.,.,113
19175,IA,Union County,27,206,233
19177,IA,Van Buren County,.,.,154
19179,IA,Wapello County,44,475,519
19181,IA,Warren County,228,610,838
19183,IA,Washington County,30,333,363
19185,IA,Wayne County,.,.,166
19187,IA,Webster County,45,542,587
19189,IA,Winnebago County,14,141,155
19191,IA,Winneshiek County,22,810,832
19193,IA,Woodbury County,252,1636,1888
19195,IA,Worth County,.,.,90
19197,IA,Wright County,21,251,272
17001,IL,Adams County,229,1511,1740
17003,IL,Alexander County,15,101,116
17005,IL,Bond County,80,393,473
17007,IL,Boone County,258,1354,1612
17009,IL,Brown County,14,125,139
17011,IL,Bureau County,149,837,986
17013,IL,Calhoun County,33,123,156
17015,IL,Carroll County,71,503,574
17017,IL,Cass County,47,320,367
17019,IL,Champaign County,1099,3371,4470
17021,IL,Christian County,115,693,808
17023,IL,Clark County,101,440,541
17025,IL,Clay County,56,373,429
17027,IL,Clinton County,186,788,974
17029,IL,Coles County,269,1036,1305
17031,IL,Cook County,52024,112526,164550
17033,IL,Crawford County,55,401,456
17035,IL,Cumberland County,86,316,402
17037,IL,DeKalb County,544,2630,3174
17039,IL,De Witt County,70,396,466
17041,IL,Douglas County,100,507,607
17043,IL,DuPage County,8519,27912,36431
17045,IL,Edgar County,80,458,538
17047,IL,Edwards County,12,155,167
17049,IL,Effingham County,318,1251,1569
17051,IL,Fayette County,74,538,612
17053,IL,Ford County,92,396,488
17055,IL,Franklin County,104,896,1000
17057,IL,Fulton County,148,727,875
17059,IL,Gallatin County,14,147,161
17061,IL,Greene County,55,297,352
17063,IL,Grundy County,250,985,1235
17065,IL,Hamilton County,36,231,267
17067,IL,Hancock County,68,375,443
17069,IL,Hardin County,.,.,76
17071,IL,Henderson County,19,183,202
17073,IL,Henry County,273,1181,1454
17075,IL,Iroquois County,136,784,920
17077,IL,Jackson County,199,1070,1269
17079,IL,Jasper County,73,398,471
17081,IL,Jefferson County,157,906,1063
17083,IL,Jersey County,73,427,500
17085,IL,Jo Daviess County,117,861,978
17087,IL,Johnson County,20,230,250
17089,IL,Kane County,3287,11848,15135
17091,IL,Kankakee County,420,2027,2447
17093,IL,Kendall County,798,2852,3650
17095,IL,Knox County,184,1085,1269
17097,IL,Lake County,6165,18643,24808
17099,IL,LaSalle County,404,2558,2962
17101,IL,Lawrence County,58,386,444
17103,IL,Lee County,142,730,872
17105,IL,Livingston County,157,728,885
17107,IL,Logan County,141,642,783
17109,IL,McDonough County,107,541,648
17111,IL,McHenry County,2472,9685,12157
17113,IL,McLean County,713,2909,3622
17115,IL,Macon County,344,1966,2310
17117,IL,Macoupin County,172,1089,1261
17119,IL,Madison County,1383,5374,6757
17121,IL,Marion County,148,810,958
17123,IL,Marshall County,52,255,307
17125,IL,Mason County,47,323,370
17127,IL,Massac County,50,263,313
17129,IL,Menard County,50,202,252
17131,IL,Mercer County,74,418,492
17133,IL,Monroe County,217,763,980
17135,IL,Montgomery County,97,717,814
17137,IL,Morgan County,155,731,886
17139,IL,Moultrie County,71,387,458
17141,IL,Ogle County,264,1390,1654
17143,IL,Peoria County,1008,3361,4369
17145,IL,Perry County,43,449,492
17147,IL,Piatt County,86,405,491
17149,IL,Pike County,80,424,504
17151,IL,Pope County,.,.,85
17153,IL,Pulaski County,17,97,114
17155,IL,Putnam County,42,200,242
17157,IL,Randolph County,103,498,601
17159,IL,Richland County,65,466,531
17161,IL,Rock Island County,657,2800,3457
17163,IL,St. Clair County,1196,4927,6123
17165,IL,Saline County,91,530,621
17167,IL,Sangamon County,854,3527,4381
17169,IL,Schuyler County,29,194,223
17171,IL,Scott County,14,101,115
17173,IL,Shelby County,136,616,752
17175,IL,Stark County,17,152,169
17177,IL,Stephenson County,246,1495,1741
17179,IL,Tazewell County,634,2487,3121
17181,IL,Union County,51,387,438
17183,IL,Vermilion County,340,1403,1743
17185,IL,Wabash County,47,299,346
17187,IL,Warren County,86,305,391
17189,IL,Washington County,63,354,417
17191,IL,Wayne County,77,454,531
17193,IL,White County,52,394,446
17195,IL,Whiteside County,243,1184,1427
17197,IL,Will County,4469,15809,20278
17199,IL,Williamson County,229,1446,1675
17201,IL,Winnebago County,1149,7114,8263
17203,IL,Woodford County,172,757,929
18001,IN,Adams County,130,778,908
18003,IN,Allen County,1781,8528,10309
18005,IN,Bartholomew County,332,1520,1852
18007,IN,Benton County,78,263,341
18009,IN,Blackford County,74,310,384
18011,IN,Boone County,634,1673,2307
18013,IN,Brown County,104,648,752
18015,IN,Carroll County,89,555,644
18017,IN,Cass County,180,830,1010
18019,IN,Clark County,721,1937,2658
18021,IN,Clay County,99,694,793
18023,IN,Clinton County,134,698,832
18025,IN,Crawford County,46,276,322
18027,IN,Daviess County,102,586,688
18029,IN,Dearborn County,212,1220,1432
18031,IN,Decatur County,165,727,892
18033,IN,DeKalb County,181,892,1073
18035,IN,Delaware County,404,2301,2705
18037,IN,Dubois County,233,976,1209
18039,IN,Elkhart County,1170,4248,5418
18041,IN,Fayette County,62,594,656
18043,IN,Floyd County,415,1595,2010
18045,IN,Fountain County,80,391,471
18047,IN,Franklin County,122,669,791
18049,IN,Fulton County,136,607,743
18051,IN,Gibson County,181,793,974
18053,IN,Grant County,230,1250,1480
18055,IN,Greene County,146,780,926
18057,IN,Hamilton County,3771,8771,12542
18059,IN,Hancock County,604,2047,2651
18061,IN,Harrison County,232,708,940
18063,IN,Hendricks County,1067,4040,5107
18065,IN,Henry County,159,1034,1193
18067,IN,Howard County,310,1367,1677
18069,IN,Huntington County,186,796,982
18071,IN,Jackson County,196,1002,1198
18073,IN,Jasper County,170,809,979
18075,IN,Jay County,66,599,665
18077,IN,Jefferson County,128,746,874
18079,IN,Jennings County,76,629,705
18081,IN,Johnson County,928,4041,4969
18083,IN,Knox County,185,822,1007
18085,IN,Kosciusko County,506,2310,2816
18087,IN,LaGrange County,118,613,731
18089,IN,Lake County,2354,11118,13472
18091,IN,LaPorte County,427,2792,3219
18093,IN,Lawrence County,205,1122,1327
18095,IN,Madison County,505,3133,3638
18097,IN,Marion County,5886,23777,29663
18099,IN,Marshall County,411,1356,1767
18101,IN,Martin County,52,253,305
18103,IN,Miami County,93,690,783
18105,IN,Monroe County,997,3740,4737
18107,IN,Montgomery County,174,903,1077
18109,IN,Morgan County,373,1704,2077
18111,IN,Newton County,53,422,475
18113,IN,Noble County,163,987,1150
18115,IN,Ohio County,17,105,122
18117,IN,Orange County,64,398,462
18119,IN,Owen County,91,613,704
18121,IN,Parke County,72,405,477
18123,IN,Perry County,64,448,512
18125,IN,Pike County,35,275,310
18127,IN,Porter County,1035,4085,5120
18129,IN,Posey County,129,679,808
18131,IN,Pulaski County,78,351,429
18133,IN,Putnam County,152,818,970
18135,IN,Randolph County,95,634,729
18137,IN,Ripley County,127,678,805
18139,IN,Rush County,123,608,731
18141,IN,St. Joseph County,1650,6770,8420
18143,IN,Scott County,81,450,531
18145,IN,Shelby County,234,1188,1422
18147,IN,Spencer County,103,485,588
18149,IN,Starke County,141,692,833
18151,IN,Steuben County,186,914,1100
18153,IN,Sullivan County,58,451,509
18155,IN,Switzerland County,38,199,237
18157,IN,Tippecanoe County,936,3257,4193
18159,IN,Tipton County,76,392,468
18161,IN,Union County,29,190,219
18163,IN,Vanderburgh County,938,5182,6120
18165,IN,Vermillion County,71,379,450
18167,IN,Vigo County,444,2657,3101
18169,IN,Wabash County,142,874,1016
18171,IN,Warren County,70,208,278
18173,IN,Warrick County,415,1837,2252
18175,IN,Washington County,133,799,932
18177,IN,Wayne County,142,1222,1364
18179,IN,Wells County,92,715,807
18181,IN,White County,146,713,859
18183,IN,Whitley County,170,887,1057
20001,KS,Allen County,88,431,519
20003,KS,Anderson County,46,279,325
20005,KS,Atchison County,59,426,485
20007,KS,Barber County,42,128,170
20009,KS,Barton County,131,783,914
20011,KS,Bourbon County,87,516,603
20013,KS,Brown County,49,266,315
20015,KS,Butler County,395,1691,2086
20017,KS,Chase County,17,89,106
20019,KS,Chautauqua County,28,102,130
20021,KS,Cherokee County,64,432,496
20023,KS,Cheyenne County,13,62,75
20025,KS,Clark County,.,.,60
20027,KS,Clay County,39,201,240
20029,KS,Cloud County,45,256,301
20031,KS,Coffey County,51,247,298
20033,KS,Comanche County,17,58,75
20035,KS,Cowley County,148,778,926
20037,KS,Crawford County,220,902,1122
20039,KS,Decatur County,18,104,122
20041,KS,Dickinson County,85,601,686
20043,KS,Doniphan County,30,205,235
20045,KS,Douglas County,1363,3969,5332
20047,KS,Edwards County,11,75,86
20049,KS,Elk County,13,145,158
20051,KS,Ellis County,124,696,820
20053,KS,Ellsworth County,46,176,222
20055,KS,Finney County,187,963,1150
20057,KS,Ford County,132,648,780
20059,KS,Franklin County,115,955,1070
20061,KS,Geary County,106,479,585
20063,KS,Gove County,23,108,131
20065,KS,Graham County,13,76,89
20067,KS,Grant County,44,178,222
20069,KS,Gray County,44,132,176
20071,KS,Greeley County,.,.,58
20073,KS,Greenwood County,31,198,229
20075,KS,Hamilton County,.,.,86
20077,KS,Harper County,26,193,219
20079,KS,Harvey County,183,907,1090
20081,KS,Haskell County,33,102,135
20083,KS,Hodgeman County,19,59,78
20085,KS,Jackson County,73,302,375
20087,KS,Jefferson County,92,549,641
20089,KS,Jewell County,37,106,143
20091,KS,Johnson County,5013,21052,26065
20093,KS,Kearny County,17,124,141
20095,KS,Kingman County,49,224,273
20097,KS,Kiowa County,17,73,90
20099,KS,Labette County,88,476,564
20101,KS,Lane County,.,.,65
20103,KS,Leavenworth County,439,1676,2115
20105,KS,Lincoln County,15,125,140
20107,KS,Linn County,35,332,367
20109,KS,Logan County,17,87,104
20111,KS,Lyon County,141,1045,1186
20113,KS,McPherson County,161,684,845
20115,KS,Marion County,63,294,357
20117,KS,Marshall County,52,299,351
20119,KS,Meade County,22,93,115
20121,KS,Miami County,232,974,1206
20123,KS,Mitchell County,67,222,289
20125,KS,Montgomery County,132,829,961
20127,KS,Morris County,50,194,244
20129,KS,Morton County,.,.,71
20131,KS,Nemaha County,47,253,300
20133,KS,Neosho County,87,474,561
20135,KS,Ness County,.,.,73
20137,KS,Norton County,25,151,176
20139,KS,Osage County,59,407,466
20141,KS,Osborne County,26,153,179
20143,KS,Ottawa County,36,175,211
20145,KS,Pawnee County,36,186,222
20147,KS,Phillips County,29,179,208
20149,KS,Pottawatomie County,125,515,640
20151,KS,Pratt County,50,280,330
20153,KS,Rawlins County,14,97,111
20155,KS,Reno County,371,1807,2178
20157,KS,Republic County,33,152,185
20159,KS,Rice County,59,236,295
20161,KS,Riley County,399,1150,1549
20163,KS,Rooks County,35,165,200
20165,KS,Rush County,13,64,77
20167,KS,Russell County,26,262,288
20169,KS,Saline County,314,1669,1983
20171,KS,Scott County,20,118,138
20173,KS,Sedgwick County,3219,13544,16763
20175,KS,Seward County,90,488,578
20177,KS,Shawnee County,942,4141,5083
20179,KS,Sheridan County,18,98,116
20181,KS,Sherman County,36,158,194
20183,KS,Smith County,31,175,206
20185,KS,Stafford County,19,150,169
20187,KS,Stanton County,.,.,76
20189,KS,Stevens County,32,113,145
20191,KS,Sumner County,117,578,695
20193,KS,Thomas County,45,250,295
20195,KS,Trego County,18,76,94
20197,KS,Wabaunsee County,33,168,201
20199,KS,Wallace County,21,39,60
20201,KS,Washington County,32,166,198
20203,KS,Wichita County,14,48,62
20205,KS,Wilson County,38,222,260
20207,KS,Woodson County,40,132,172
20209,KS,Wyandotte County,767,5336,6103
22001,LA,Acadia Parish,133,2068,2201
22003,LA,Allen Parish,53,511,564
22005,LA,Ascension Parish,442,3615,4057
22007,LA,Assumption Parish,65,755,820
22009,LA,Avoyelles Parish,118,1709,1827
22011,LA,Beauregard Parish,141,882,1023
22013,LA,Bienville Parish,42,541,583
22015,LA,Bossier Parish,475,3979,4454
22017,LA,Caddo Parish,1089,10170,11259
22019,LA,Calcasieu Parish,887,5855,6742
22021,LA,Caldwell Parish,44,342,386
22023,LA,Cameron Parish,.,.,216
22025,LA,Catahoula Parish,52,539,591
22027,LA,Claiborne Parish,40,590,630
22029,LA,Concordia Parish,61,854,915
22031,LA,De Soto Parish,105,924,1029
22033,LA,East Baton Rouge Parish,2501,20394,22895
22035,LA,East Carroll Parish,31,329,360
22037,LA,East Feliciana Parish,45,719,764
22039,LA,Evangeline Parish,85,902,987
22041,LA,Franklin Parish,58,1011,1069
22043,LA,Grant Parish,58,578,636
22045,LA,Iberia Parish,247,2486,2733
22047,LA,Iberville Parish,91,1256,1347
22049,LA,Jackson Parish,68,603,671
22051,LA,Jefferson Parish,2886,25078,27964
22053,LA,Jefferson Davis Parish,138,1387,1525
22055,LA,Lafayette Parish,1356,9920,11276
22057,LA,Lafourche Parish,349,3023,3372
22059,LA,La Salle Parish,53,399,452
22061,LA,Lincoln Parish,174,1665,1839
22063,LA,Livingston Parish,471,4579,5050
22065,LA,Madison Parish,29,371,400
22067,LA,Morehouse Parish,82,1250,1332
22069,LA,Natchitoches Parish,123,1419,1542
22071,LA,Orleans Parish,4104,20371,24475
22073,LA,Ouachita Parish,777,7172,7949
22075,LA,Plaquemines Parish,127,1076,1203
22077,LA,Pointe Coupee Parish,72,949,1021
22079,LA,Rapides Parish,441,4973,5414
22081,LA,Red River Parish,32,297,329
22083,LA,Richland Parish,73,1016,1089
22085,LA,Sabine Parish,72,764,836
22087,LA,St. Bernard Parish,170,1899,2069
22089,LA,St. Charles Parish,250,1767,2017
22091,LA,St. Helena Parish,30,482,512
22093,LA,St. James Parish,60,656,716
22095,LA,St. John the Baptist Parish,188,1782,1970
22097,LA,St. Landry Parish,265,3256,3521
22099,LA,St. Martin Parish,211,2071,2282
22101,LA,St. Mary Parish,146,1702,1848
22103,LA,St. Tammany Parish,1757,12267,14024
22105,LA,Tangipahoa Parish,488,4567,5055
22107,LA,Tensas Parish,.,.,277
22109,LA,Terrebonne Parish,354,3270,3624
22111,LA,Union Parish,75,913,988
22113,LA,Vermilion Parish,224,2093,2317
22115,LA,Vernon Parish,104,1053,1157
22117,LA,Washington Parish,92,1526,1618
22119,LA,Webster Parish,177,1608,1785
22121,LA,West Baton Rouge Parish,84,1003,1087
22123,LA,West Carroll Parish,38,371,409
22125,LA,West Feliciana Parish,.,.,426
22127,LA,Winn Parish,42,572,614
23001,ME,Androscoggin County,471,4123,4594
23003,ME,Aroostook County,281,4103,4384
23005,ME,Cumberland County,3702,14531,18233
23007,ME,Franklin County,165,1889,2054
23009,ME,Hancock County,528,5140,5668
23011,ME,Kennebec County,654,4985,5639
23013,ME,Knox County,664,3733,4397
23015,ME,Lincoln County,377,2841,3218
23017,ME,Oxford County,331,3792,4123
23019,ME,Penobscot County,717,7178,7895
23021,ME,Piscataquis County,89,934,1023
23023,ME,Sagadahoc County,373,1754,2127
23025,ME,Somerset County,173,2430,2603
23027,ME,Waldo County,319,2934,3253
23029,ME,Washington County,199,2328,2527
23031,ME,York County,2004,10317,12321
26001,MI,Alcona County,39,390,429
26003,MI,Alger County,20,396,416
26005,MI,Allegan County,582,4001,4583
26007,MI,Alpena County,83,1040,1123
26009,MI,Antrim County,146,1082,1228
26011,MI,Arenac County,51,494,545
26013,MI,Baraga County,19,285,304
26015,MI,Barry County,276,1794,2070
26017,MI,Bay County,334,2643,2977
26019,MI,Benzie County,156,902,1058
26021,MI,Berrien County,761,5359,6120
26023,MI,Branch County,139,1350,1489
26025,MI,Calhoun County,408,2819,3227
26027,MI,Cass County,224,1681,1905
26029,MI,Charlevoix County,166,1272,1438
26031,MI,Cheboygan County,125,1114,1239
26033,MI,Chippewa County,113,879,992
26035,MI,Clare County,93,770,863
26037,MI,Clinton County,411,1785,2196
26039,MI,Crawford County,39,465,504
26041,MI,Delta County,124,1825,1949
26043,MI,Dickinson County,117,1299,1416
26045,MI,Eaton County,468,2556,3024
26047,MI,Emmet County,348,1889,2237
26049,MI,Genesee County,1953,8978,10931
26051,MI,Gladwin County,86,659,745
26053,MI,Gogebic County,37,774,811
26055,MI,Grand Traverse County,714,4271,4985
26057,MI,Gratiot County,92,1036,1128
26059,MI,Hillsdale County,104,1648,1752
26061,MI,Houghton County,114,1504,1618
26063,MI,Huron County,186,1365,1551
26065,MI,Ingham County,1511,5936,7447
26067,MI,Ionia County,182,1552,1734
26069,MI,Iosco County,83,802,885
26071,MI,Iron County,25,644,669
26073,MI,Isabella County,261,1416,1677
26075,MI,Jackson County,491,3769,4260
26077,MI,Kalamazoo County,1237,6746,7983
26079,MI,Kalkaska County,89,573,662
26081,MI,Kent County,4301,16686,20987
26083,MI,Keweenaw County,15,117,132
26085,MI,Lake County,33,369,402
26087,MI,Lapeer County,494,2919,3413
26089,MI,Leelanau County,293,1472,1765
26091,MI,Lenawee County,362,2867,3229
26093,MI,Livingston County,1343,6751,8094
26095,MI,Luce County,14,153,167
26097,MI,Mackinac County,71,485,556
26099,MI,Macomb County,6157,30557,36714
26101,MI,Manistee County,113,855,968
26103,MI,Marquette County,239,2352,2591
26105,MI,Mason County,141,1097,1238
26107,MI,Mecosta County,116,1038,1154
26109,MI,Menominee County,85,1188,1273
26111,MI,Midland County,330,2218,2548
26113,MI,Missaukee County,79,706,785
26115,MI,Monroe County,648,3534,4182
26117,MI,Montcalm County,218,1937,2155
26119,MI,Montmorency County,25,323,348
26121,MI,Muskegon County,675,4283,4958
26123,MI,Newaygo County,168,1402,1570
26125,MI,Oakland County,12954,41221,54175
26127,MI,Oceana County,104,747,851
26129,MI,Ogemaw County,66,800,866
26131,MI,Ontonagon County,20,320,340
26133,MI,Osceola County,83,720,803
26135,MI,Oscoda County,33,298,331
26137,MI,Otsego County,149,991,1140
26139,MI,Ottawa County,1376,8503,9879
26141,MI,Presque Isle County,67,614,681
26143,MI,Roscommon County,78,794,872
26145,MI,Saginaw County,615,4732,5347
26147,MI,St. Clair County,747,5753,6500
26149,MI,St. Joseph County,198,1616,1814
26151,MI,Sanilac County,208,1696,1904
26153,MI,Schoolcraft County,37,385,422
26155,MI,Shiawassee County,248,1887,2135
26157,MI,Tuscola County,221,1622,1843
26159,MI,Van Buren County,369,2431,2800
26161,MI,Washtenaw County,3006,10523,13529
26163,MI,Wayne County,9569,37186,46755
26165,MI,Wexford County,138,1280,1418
29001,MO,Adair County,121,811,932
29003,MO,Andrew County,75,637,712
29005,MO,Atchison County,20,256,276
29007,MO,Audrain County,78,757,835
29009,MO,Barry County,152,1758,1910
29011,MO,Barton County,36,578,614
29013,MO,Bates County,58,931,989
29015,MO,Benton County,93,1071,1164
29017,MO,Bollinger County,35,501,536
29019,MO,Boone County,1120,5689,6809
29021,MO,Buchanan County,280,2593,2873
29023,MO,Butler County,161,1325,1486
29025,MO,Caldwell County,36,359,395
29027,MO,Callaway County,151,1258,1409
29029,MO,Camden County,237,2653,2890
29031,MO,Cape Girardeau County,314,2301,2615
29033,MO,Carroll County,47,463,510
29035,MO,Carter County,29,295,324
29037,MO,Cass County,709,4014,4723
29039,MO,Cedar County,38,573,611
29041,MO,Chariton County,28,354,382
29043,MO,Christian County,391,4637,5028
29045,MO,Clark County,17,297,314
29047,MO,Clay County,1693,8422,10115
29049,MO,Clinton County,86,764,850
29051,MO,Cole County,280,2129,2409
29053,MO,Cooper County,123,726,849
29055,MO,Crawford County,57,940,997
29057,MO,Dade County,32,416,448
29059,MO,Dallas County,64,914,978
29061,MO,Daviess County,26,314,340
29063,MO,DeKalb County,32,458,490
29065,MO,Dent County,42,577,619
29067,MO,Douglas County,53,866,919
29069,MO,Dunklin County,110,947,1057
29071,MO,Franklin County,638,4140,4778
29073,MO,Gasconade County,57,711,768
29075,MO,Gentry County,29,370,399
29077,MO,Greene County,1633,14782,16415
29079,MO,Grundy County,16,290,306
29081,MO,Harrison County,25,354,379
29083,MO,Henry County,88,913,1001
29085,MO,Hickory County,26,543,569
29087,MO,Holt County,15,229,244
29089,MO,Howard County,49,438,487
29091,MO,Howell County,137,1984,2121
29093,MO,Iron County,22,334,356
29095,MO,Jackson County,6080,27791,33871
29097,MO,Jasper County,518,3874,4392
29099,MO,Jefferson County,1561,8843,10404
29101,MO,Johnson County,226,1656,1882
29103,MO,Knox County,15,240,255
29105,MO,Laclede County,156,2277,2433
29107,MO,Lafayette County,155,1686,1841
29109,MO,Lawrence County,129,1724,1853
29111,MO,Lewis County,33,426,459
29113,MO,Lincoln County,261,1681,1942
29115,MO,Linn County,38,462,500
29117,MO,Livingston County,48,570,618
29119,MO,McDonald County,72,713,785
29121,MO,Macon County,48,620,668
29123,MO,Madison County,49,464,513
29125,MO,Maries County,23,307,330
29127,MO,Marion County,92,1139,1231
29129,MO,Mercer County,11,144,155
29131,MO,Miller County,98,1197,1295
29133,MO,Mississippi County,48,387,435
29135,MO,Moniteau County,41,461,502
29137,MO,Monroe County,31,386,417
29139,MO,Montgomery County,46,466,512
29141,MO,Morgan County,65,944,1009
29143,MO,New Madrid County,69,624,693
29145,MO,Newton County,234,2182,2416
29147,MO,Nodaway County,86,877,963
29149,MO,Oregon County,30,567,597
29151,MO,Osage County,52,428,480
29153,MO,Ozark County,43,564,607
29155,MO,Pemiscot County,92,655,747
29157,MO,Perry County,57,562,619
29159,MO,Pettis County,179,1777,1956
29161,MO,Phelps County,132,1562,1694
29163,MO,Pike County,51,662,713
29165,MO,Platte County,874,3387,4261
29167,MO,Polk County,118,1475,1593
29169,MO,Pulaski County,86,975,1061
29171,MO,Putnam County,.,.,207
29173,MO,Ralls County,37,410,447
29175,MO,Randolph County,55,790,845
29177,MO,Ray County,109,1072,1181
29179,MO,Reynolds County,16,257,273
29181,MO,Ripley County,24,451,475
29183,MO,St. Charles County,2985,12902,15887
29185,MO,St. Clair County,16,415,431
29186,MO,Ste. Genevieve County,74,600,674
29187,MO,St. Francois County,236,1727,1963
29189,MO,St. Louis County,9130,46591,55721
29195,MO,Saline County,66,730,796
29197,MO,Schuyler County,17,183,200
29199,MO,Scotland County,20,252,272
29201,MO,Scott County,106,1137,1243
29203,MO,Shannon County,24,646,670
29205,MO,Shelby County,23,409,432
29207,MO,Stoddard County,104,1070,1174
29209,MO,Stone County,196,2279,2475
29211,MO,Sullivan County,20,238,258
29213,MO,Taney County,367,3882,4249
29215,MO,Texas County,31,1018,1049
29217,MO,Vernon County,56,763,819
29219,MO,Warren County,168,1140,1308
29221,MO,Washington County,74,637,711
29223,MO,Wayne County,27,493,520
29225,MO,Webster County,156,2032,2188
29227,MO,Worth County,.,.,126
29229,MO,Wright County,66,1091,1157
29510,MO,St. Louis city,3188,16325,19513
28001,MS,Adams County,128,1344,1472
28003,MS,Alcorn County,103,981,1084
28005,MS,Amite County,36,411,447
28007,MS,Attala County,50,534,584
28009,MS,Benton County,20,241,261
28011,MS,Bolivar County,100,1215,1315
28013,MS,Calhoun County,36,313,349
28015,MS,Carroll County,30,264,294
28017,MS,Chickasaw County,37,591,628
28019,MS,Choctaw County,11,157,168
28021,MS,Claiborne County,29,323,352
28023,MS,Clarke County,41,445,486
28025,MS,Clay County,59,552,611
28027,MS,Coahoma County,83,677,760
28029,MS,Copiah County,115,1144,1259
28031,MS,Covington County,66,822,888
28033,MS,DeSoto County,1030,6047,7077
28035,MS,Forrest County,264,2373,2637
28037,MS,Franklin County,26,276,302
28039,MS,George County,40,381,421
28041,MS,Greene County,35,328,363
28043,MS,Grenada County,65,693,758
28045,MS,Hancock County,97,1705,1802
28047,MS,Harrison County,512,4508,5020
28049,MS,Hinds County,1845,15607,17452
28051,MS,Holmes County,54,740,794
28053,MS,Humphreys County,31,306,337
28055,MS,Issaquena County,0,13,13
28057,MS,Itawamba County,26,472,498
28059,MS,Jackson County,377,3621,3998
28061,MS,Jasper County,50,535,585
28063,MS,Jefferson County,29,409,438
28065,MS,Jefferson Davis County,52,453,505
28067,MS,Jones County,163,2006,2169
28069,MS,Kemper County,28,284,312
28071,MS,Lafayette County,213,968,1181
28073,MS,Lamar County,186,1626,1812
28075,MS,Lauderdale County,199,1964,2163
28077,MS,Lawrence County,56,514,570
28079,MS,Leake County,62,544,606
28081,MS,Lee County,212,2370,2582
28083,MS,Leflore County,90,844,934
28085,MS,Lincoln County,148,1045,1193
28087,MS,Lowndes County,184,1789,1973
28089,MS,Madison County,598,4575,5173
28091,MS,Marion County,95,954,1049
28093,MS,Marshall County,148,1383,1531
28095,MS,Monroe County,80,890,970
28097,MS,Montgomery County,19,334,353
28099,MS,Neshoba County,51,447,498
28101,MS,Newton County,53,525,578
28103,MS,Noxubee County,31,380,411
28105,MS,Oktibbeha County,177,920,1097
28107,MS,Panola County,86,960,1046
28109,MS,Pearl River County,171,1927,2098
28111,MS,Perry County,31,379,410
28113,MS,Pike County,134,1393,1527
28115,MS,Pontotoc County,50,595,645
28117,MS,Prentiss County,50,539,589
28119,MS,Quitman County,28,220,248
28121,MS,Rankin County,612,5055,5667
28123,MS,Scott County,72,678,750
28125,MS,Sharkey County,21,182,203
28127,MS,Simpson County,71,880,951
28129,MS,Smith County,38,501,539
28131,MS,Stone County,34,404,438
28133,MS,Sunflower County,88,1042,1130
28135,MS,Tallahatchie County,38,352,390
28137,MS,Tate County,102,856,958
28139,MS,Tippah County,35,537,572
28141,MS,Tishomingo County,35,505,540
28143,MS,Tunica County,56,382,438
28145,MS,Union County,41,587,628
28147,MS,Walthall County,71,675,746
28149,MS,Warren County,141,1498,1639
28151,MS,Washington County,183,1946,2129
28153,MS,Wayne County,54,842,896
28155,MS,Webster County,22,230,252
28157,MS,Wilkinson County,35,329,364
28159,MS,Winston County,51,644,695
28161,MS,Yalobusha County,28,279,307
28163,MS,Yazoo County,81,679,760
30001,MT,Beaverhead County,86,486,572
30003,MT,Big Horn County,59,321,380
30005,MT,Blaine County,34,316,350
30007,MT,Broadwater County,41,232,273
30009,MT,Carbon County,148,780,928
30011,MT,Carter County,26,68,94
30013,MT,Cascade County,500,2588,3088
30015,MT,Chouteau County,60,300,360
30017,MT,Custer County,87,405,492
30019,MT,Daniels County,13,94,107
30021,MT,Dawson County,51,395,446
30023,MT,Deer Lodge County,62,279,341
30025,MT,Fallon County,20,95,115
30027,MT,Fergus County,143,583,726
30029,MT,Flathead County,1042,5824,6866
30031,MT,Gallatin County,1787,6706,8493
30033,MT,Garfield County,24,145,169
30035,MT,Glacier County,50,324,374
30037,MT,Golden Valley County,.,.,60
30039,MT,Granite County,52,254,306
30041,MT,Hill County,97,723,820
30043,MT,Jefferson County,91,482,573
30045,MT,Judith Basin County,38,149,187
30047,MT,Lake County,264,1256,1520
30049,MT,Lewis and Clark County,521,2217,2738
30051,MT,Liberty County,43,209,252
30053,MT,Lincoln County,117,908,1025
30055,MT,McCone County,17,97,114
30057,MT,Madison County,111,699,810
30059,MT,Meagher County,19,93,112
30061,MT,Mineral County,30,196,226
30063,MT,Missoula County,1469,6211,7680
30065,MT,Musselshell County,42,188,230
30067,MT,Park County,215,1249,1464
30069,MT,Petroleum County,14,44,58
30071,MT,Phillips County,64,253,317
30073,MT,Pondera County,35,292,327
30075,MT,Powder River County,37,139,176
30077,MT,Powell County,41,198,239
30079,MT,Prairie County,18,61,79
30081,MT,Ravalli County,419,2401,2820
30083,MT,Richland County,77,292,369
30085,MT,Roosevelt County,73,361,434
30087,MT,Rosebud County,34,187,221
30089,MT,Sanders County,121,633,754
30091,MT,Sheridan County,69,302,371
30093,MT,Silver Bow County,245,1154,1399
30095,MT,Stillwater County,76,398,474
30097,MT,Sweet Grass County,32,345,377
30099,MT,Teton County,68,348,416
30101,MT,Toole County,32,331,363
30103,MT,Treasure County,12,56,68
30105,MT,Valley County,87,340,427
30107,MT,Wheatland County,19,116,135
30109,MT,Wibaux County,.,.,52
30111,MT,Yellowstone County,1192,4753,5945
37001,NC,Alamance County,894,7134,8028
37003,NC,Alexander County,176,2059,2235
37005,NC,Alleghany County,36,749,785
37007,NC,Anson County,107,1107,1214
37009,NC,Ashe County,130,1872,2002
37011,NC,Avery County,88,1389,1477
37013,NC,Beaufort County,132,3647,3779
37015,NC,Bertie County,48,921,969
37017,NC,Bladen County,210,1505,1715
37019,NC,Brunswick County,809,7556,8365
37021,NC,Buncombe County,2705,20586,23291
37023,NC,Burke County,293,4047,4340
37025,NC,Cabarrus County,1375,12100,13475
37027,NC,Caldwell County,361,4306,4667
37029,NC,Camden County,27,391,418
37031,NC,Carteret County,324,5082,5406
37033,NC,Caswell County,82,1004,1086
37035,NC,Catawba County,803,8953,9756
37037,NC,Chatham County,614,3489,4103
37039,NC,Cherokee County,124,1555,1679
37041,NC,Chowan County,46,699,745
37043,NC,Clay County,49,754,803
37045,NC,Cleveland County,492,4404,4896
37047,NC,Columbus County,211,2817,3028
37049,NC,Craven County,295,4695,4990
37051,NC,Cumberland County,1700,10911,12611
37053,NC,Currituck County,127,1431,1558
37055,NC,Dare County,243,4194,4437
37057,NC,Davidson County,605,8976,9581
37059,NC,Davie County,210,2171,2381
37061,NC,Duplin County,156,2592,2748
37063,NC,Durham County,3077,14181,17258
37065,NC,Edgecombe County,172,2892,3064
37067,NC,Forsyth County,1960,19727,21687
37069,NC,Franklin County,372,3411,3783
37071,NC,Gaston County,1323,10128,11451
37073,NC,Gates County,21,394,415
37075,NC,Graham County,35,392,427
37077,NC,Granville County,292,2338,2630
37079,NC,Greene County,54,840,894
37081,NC,Guilford County,3710,31177,34887
37083,NC,Halifax County,135,2622,2757
37085,NC,Harnett County,673,4567,5240
37087,NC,Haywood County,359,3657,4016
37089,NC,Henderson County,606,6558,7164
37091,NC,Hertford County,48,982,1030
37093,NC,Hoke County,208,1739,1947
37095,NC,Hyde County,25,358,383
37097,NC,Iredell County,1164,10573,11737
37099,NC,Jackson County,175,1821,1996
37101,NC,Johnston County,1174,8768,9942
37103,NC,Jones County,29,562,591
37105,NC,Lee County,241,2641,2882
37107,NC,Lenoir County,147,2593,2740
37109,NC,Lincoln County,554,4097,4651
37111,NC,McDowell County,144,2213,2357
37113,NC,Macon County,194,2479,2673
37115,NC,Madison County,125,1533,1658
37117,NC,Martin County,61,1461,1522
37119,NC,Mecklenburg County,9547,70050,79597
37121,NC,Mitchell County,56,1096,1152
37123,NC,Montgomery County,78,1157,1235
37125,NC,Moore County,447,5089,5536
37127,NC,Nash County,448,4290,4738
37129,NC,New Hanover County,1798,15872,17670
37131,NC,Northampton County,46,834,880
37133,NC,Onslow County,579,5806,6385
37135,NC,Orange County,1568,6513,8081
37137,NC,Pamlico County,36,735,771
37139,NC,Pasquotank County,133,1700,1833
37141,NC,Pender County,350,3478,3828
37143,NC,Perquimans County,48,576,624
37145,NC,Person County,210,1965,2175
37147,NC,Pitt County,590,8970,9560
37149,NC,Polk County,111,1333,1444
37151,NC,Randolph County,697,7577,8274
37153,NC,Richmond County,160,1669,1829
37155,NC,Robeson County,695,7282,7977
37157,NC,Rockingham County,455,5097,5552
37159,NC,Rowan County,510,7483,7993
37161,NC,Rutherford County,243,3522,3765
37163,NC,Sampson County,301,2698,2999
37165,NC,Scotland County,138,1390,1528
37167,NC,Stanly County,313,3170,3483
37169,NC,Stokes County,143,2492,2635
37171,NC,Surry County,255,3883,4138
37173,NC,Swain County,57,762,819
37175,NC,Transylvania County,177,2467,2644
37177,NC,Tyrrell County,17,391,408
37179,NC,Union County,1901,14104,16005
37181,NC,Vance County,193,2142,2335
37183,NC,Wake County,11361,54530,65891
37185,NC,Warren County,83,768,851
37187,NC,Washington County,42,736,778
37189,NC,Watauga County,299,3340,3639
37191,NC,Wayne County,399,4058,4457
37193,NC,Wilkes County,222,3955,4177
37195,NC,Wilson County,413,3753,4166
37197,NC,Yadkin County,123,1883,2006
37199,NC,Yancey County,87,1182,1269
38001,ND,Adams County,14,110,124
38003,ND,Barnes County,53,314,367
38005,ND,Benson County,14,135,149
38007,ND,Billings County,.,.,40
38009,ND,Bottineau County,23,210,233
38011,ND,Bowman County,.,.,172
38013,ND,Burke County,15,40,55
38015,ND,Burleigh County,301,1864,2165
38017,ND,Cass County,798,3541,4339
38019,ND,Cavalier County,56,150,206
38021,ND,Dickey County,34,285,319
38023,ND,Divide County,.,.,83
38025,ND,Dunn County,38,116,154
38027,ND,Eddy County,14,74,88
38029,ND,Emmons County,24,240,264
38031,ND,Foster County,.,.,152
38033,ND,Golden Valley County,14,74,88
38035,ND,Grand Forks County,230,1404,1634
38037,ND,Grant County,17,127,144
38039,ND,Griggs County,13,102,115
38041,ND,Hettinger County,20,112,132
38043,ND,Kidder County,18,189,207
38045,ND,LaMoure County,33,196,229
38047,ND,Logan County,18,179,197
38049,ND,McHenry County,22,226,248
38051,ND,McIntosh County,.,.,174
38053,ND,McKenzie County,90,246,336
38055,ND,McLean County,38,285,323
38057,ND,Mercer County,24,228,252
38059,ND,Morton County,126,687,813
38061,ND,Mountrail County,44,145,189
38063,ND,Nelson County,21,157,178
38065,ND,Oliver County,14,39,53
38067,ND,Pembina County,18,214,232
38069,ND,Pierce County,43,213,256
38071,ND,Ramsey County,19,279,298
38073,ND,Ransom County,13,175,188
38075,ND,Renville County,13,74,87
38077,ND,Richland County,80,505,585
38079,ND,Rolette County,41,813,854
38081,ND,Sargent County,33,145,178
38083,ND,Sheridan County,.,.,115
38085,ND,Sioux County,.,.,42
38087,ND,Slope County,.,.,55
38089,ND,Stark County,134,695,829
38091,ND,Steele County,.,.,107
38093,ND,Stutsman County,57,553,610
38095,ND,Towner County,41,130,171
38097,ND,Traill County,31,217,248
38099,ND,Walsh County,46,277,323
38101,ND,Ward County,208,1082,1290
38103,ND,Wells County,21,165,186
38105,ND,Williams County,183,545,728
31001,NE,Adams County,146,1524,1670
31003,NE,Antelope County,46,532,578
31005,NE,Arthur County,.,.,51
31007,NE,Banner County,.,.,86
31009,NE,Blaine County,.,.,72
31011,NE,Boone County,59,466,525
31013,NE,Box Butte County,67,525,592
31015,NE,Boyd County,.,.,184
31017,NE,Brown County,.,.,246
31019,NE,Buffalo County,242,2113,2355
31021,NE,Burt County,39,343,382
31023,NE,Butler County,68,438,506
31025,NE,Cass County,150,913,1063
31027,NE,Cedar County,58,638,696
31029,NE,Chase County,27,341,368
31031,NE,Cherry County,35,655,690
31033,NE,Cheyenne County,37,346,383
31035,NE,Clay County,56,414,470
31037,NE,Colfax County,41,428,469
31039,NE,Cuming County,63,667,730
31041,NE,Custer County,69,824,893
31043,NE,Dakota County,73,544,617
31045,NE,Dawes County,50,397,447
31047,NE,Dawson County,103,976,1079
31049,NE,Deuel County,.,.,108
31051,NE,Dixon County,26,251,277
31053,NE,Dodge County,165,1595,1760
31055,NE,Douglas County,3533,17983,21516
31057,NE,Dundy County,.,.,165
31059,NE,Fillmore County,40,355,395
31061,NE,Franklin County,23,221,244
31063,NE,Frontier County,.,.,161
31065,NE,Furnas County,51,344,395
31067,NE,Gage County,91,965,1056
31069,NE,Garden County,.,.,198
31071,NE,Garfield County,26,237,263
31073,NE,Gosper County,12,118,130
31075,NE,Grant County,16,153,169
31077,NE,Greeley County,18,274,292
31079,NE,Hall County,257,2294,2551
31081,NE,Hamilton County,52,407,459
31083,NE,Harlan County,.,.,203
31085,NE,Hayes County,.,.,100
31087,NE,Hitchcock County,21,279,300
31089,NE,Holt County,96,1252,1348
31091,NE,Hooker County,.,.,104
31093,NE,Howard County,15,369,384
31095,NE,Jefferson County,50,330,380
31097,NE,Johnson County,13,182,195
31099,NE,Kearney County,34,371,405
31101,NE,Keith County,44,554,598
31103,NE,Keya Paha County,.,.,76
31105,NE,Kimball County,21,147,168
31107,NE,Knox County,37,662,699
31109,NE,Lancaster County,1655,10049,11704
31111,NE,Lincoln County,166,1392,1558
31113,NE,Logan County,14,75,89
31115,NE,Loup County,.,.,84
31117,NE,McPherson County,.,.,39
31119,NE,Madison County,175,1704,1879
31121,NE,Merrick County,63,426,489
31123,NE,Morrill County,17,323,340
31125,NE,Nance County,32,212,244
31127,NE,Nemaha County,28,294,322
31129,NE,Nuckolls County,27,355,382
31131,NE,Otoe County,81,732,813
31133,NE,Pawnee County,26,125,151
31135,NE,Perkins County,26,342,368
31137,NE,Phelps County,58,559,617
31139,NE,Pierce County,25,405,430
31141,NE,Platte County,151,1336,1487
31143,NE,Polk County,24,246,270
31145,NE,Red Willow County,74,643,717
31147,NE,Richardson County,52,354,406
31149,NE,Rock County,19,115,134
31151,NE,Saline County,49,406,455
31153,NE,Sarpy County,909,4731,5640
31155,NE,Saunders County,118,1160,1278
31157,NE,Scotts Bluff County,209,2044,2253
31159,NE,Seward County,53,655,708
31161,NE,Sheridan County,38,447,485
31163,NE,Sherman County,12,255,267
31165,NE,Sioux County,11,96,107
31167,NE,Stanton County,37,365,402
31169,NE,Thayer County,25,330,355
31171,NE,Thomas County,12,122,134
31173,NE,Thurston County,.,.,141
31175,NE,Valley County,35,456,491
31177,NE,Washington County,114,775,889
31179,NE,Wayne County,39,355,394
31181,NE,Webster County,20,224,244
31183,NE,Wheeler County,11,104,115
31185,NE,York County,56,636,692
33001,NH,Belknap County,931,1928,2859
33003,NH,Carroll County,1051,2853,3904
33005,NH,Cheshire County,923,2413,3336
33007,NH,Coos County,306,1238,1544
33009,NH,Grafton County,1375,2645,4020
33011,NH,Hillsborough County,5261,9818,15079
33013,NH,Merrimack County,1748,3539,5287
33015,NH,Rockingham County,5107,8085,13192
33017,NH,Strafford County,1552,2996,4548
33019,NH,Sullivan County,426,988,1414
34001,NJ,Atlantic County,1386,8675,10061
34003,NJ,Bergen County,7606,29241,36847
34005,NJ,Burlington County,2730,10061,12791
34007,NJ,Camden County,2947,13011,15958
34009,NJ,Cape May County,711,3550,4261
34011,NJ,Cumberland County,463,2696,3159
34013,NJ,Essex County,4512,18049,22561
34015,NJ,Gloucester County,1602,6884,8486
34017,NJ,Hudson County,4363,17674,22037
34019,NJ,Hunterdon County,1066,3531,4597
34021,NJ,Mercer County,2388,7166,9554
34023,NJ,Middlesex County,6049,21916,27965
34025,NJ,Monmouth County,4761,16908,21669
34027,NJ,Morris County,3814,11977,15791
34029,NJ,Ocean County,3266,15391,18657
34031,NJ,Passaic County,2425,14434,16859
34033,NJ,Salem County,248,1282,1530
34035,NJ,Somerset County,2701,7844,10545
34037,NJ,Sussex County,876,4214,5090
34039,NJ,Union County,2828,13939,16767
34041,NJ,Warren County,592,2794,3386
35001,NM,Bernalillo County,6580,11692,18272
35003,NM,Catron County,17,112,129
35005,NM,Chaves County,333,1342,1675
35006,NM,Cibola County,61,235,296
35007,NM,Colfax County,102,343,445
35009,NM,Curry County,327,784,1111
35011,NM,De Baca County,.,.,62
35013,NM,Dona Ana County,1614,4852,6466
35015,NM,Eddy County,435,963,1398
35017,NM,Grant County,148,563,711
35019,NM,Guadalupe County,31,111,142
35021,NM,Harding County,.,.,18
35023,NM,Hidalgo County,17,80,97
35025,NM,Lea County,562,959,1521
35027,NM,Lincoln County,201,688,889
35028,NM,Los Alamos County,155,156,311
35029,NM,Luna County,86,463,549
35031,NM,McKinley County,144,448,592
35033,NM,Mora County,25,126,151
35035,NM,Otero County,309,1028,1337
35037,NM,Quay County,72,175,247
35039,NM,Rio Arriba County,190,629,819
35041,NM,Roosevelt County,97,331,428
35043,NM,Sandoval County,1286,2128,3414
35045,NM,San Juan County,463,1213,1676
35047,NM,San Miguel County,200,401,601
35049,NM,Santa Fe County,2713,4455,7168
35051,NM,Sierra County,47,215,262
35053,NM,Socorro County,63,286,349
35055,NM,Taos County,560,1222,1782
35057,NM,Torrance County,111,280,391
35059,NM,Union County,16,87,103
35061,NM,Valencia County,443,1008,1451
32001,NV,Churchill County,31,712,743
32003,NV,Clark County,8443,53201,61644
32005,NV,Douglas County,183,2273,2456
32007,NV,Elko County,65,910,975
32009,NV,Esmeralda County,0,17,17
32011,NV,Eureka County,.,.,50
32013,NV,Humboldt County,22,443,465
32015,NV,Lander County,13,148,161
32017,NV,Lincoln County,.,.,94
32019,NV,Lyon County,98,1459,1557
32021,NV,Mineral County,.,.,87
32023,NV,Nye County,118,912,1030
32027,NV,Pershing County,11,108,119
32029,NV,Storey County,19,185,204
32031,NV,Washoe County,2155,14449,16604
32033,NV,White Pine County,14,176,190
32510,NV,Carson City,145,1601,1746
39001,OH,Adams County,58,503,561
39003,OH,Allen County,174,1256,1430
39005,OH,Ashland County,167,942,1109
39007,OH,Ashtabula County,240,2016,2256
39009,OH,Athens County,101,1025,1126
39011,OH,Auglaize County,70,801,871
39013,OH,Belmont County,124,1164,1288
39015,OH,Brown County,125,733,858
39017,OH,Butler County,1846,5909,7755
39019,OH,Carroll County,75,468,543
39021,OH,Champaign County,88,623,711
39023,OH,Clark County,440,1842,2282
39025,OH,Clermont County,1053,4372,5425
39027,OH,Clinton County,151,730,881
39029,OH,Columbiana County,298,2146,2444
39031,OH,Coshocton County,63,793,856
39033,OH,Crawford County,62,792,854
39035,OH,Cuyahoga County,6224,20715,26939
39037,OH,Darke County,131,1011,1142
39039,OH,Defiance County,112,489,601
39041,OH,Delaware County,1144,3161,4305
39043,OH,Erie County,173,1482,1655
39045,OH,Fairfield County,569,2416,2985
39047,OH,Fayette County,82,404,486
39049,OH,Franklin County,6668,19623,26291
39051,OH,Fulton County,149,765,914
39053,OH,Gallia County,34,395,429
39055,OH,Geauga County,574,2376,2950
39057,OH,Greene County,808,2255,3063
39059,OH,Guernsey County,83,663,746
39061,OH,Hamilton County,5130,13446,18576
39063,OH,Hancock County,165,1142,1307
39065,OH,Hardin County,39,391,430
39067,OH,Harrison County,25,291,316
39069,OH,Henry County,107,498,605
39071,OH,Highland County,101,705,806
39073,OH,Hocking County,24,628,652
39075,OH,Holmes County,58,582,640
39077,OH,Huron County,88,979,1067
39079,OH,Jackson County,34,459,493
39081,OH,Jefferson County,130,1263,1393
39083,OH,Knox County,125,1151,1276
39085,OH,Lake County,1175,4842,6017
39087,OH,Lawrence County,92,854,946
39089,OH,Licking County,581,2543,3124
39091,OH,Logan County,69,691,760
39093,OH,Lorain County,1225,5094,6319
39095,OH,Lucas County,1754,6096,7850
39097,OH,Madison County,150,541,691
39099,OH,Mahoning County,744,4585,5329
39101,OH,Marion County,78,654,732
39103,OH,Medina County,891,3689,4580
39105,OH,Meigs County,13,359,372
39107,OH,Mercer County,67,844,911
39109,OH,Miami County,458,1989,2447
39111,OH,Monroe County,28,280,308
39113,OH,Montgomery County,2321,8916,11237
39115,OH,Morgan County,22,262,284
39117,OH,Morrow County,89,561,650
39119,OH,Muskingum County,147,1637,1784
39121,OH,Noble County,26,251,277
39123,OH,Ottawa County,141,939,1080
39125,OH,Paulding County,28,352,380
39127,OH,Perry County,41,614,655
39129,OH,Pickaway County,155,741,896
39131,OH,Pike County,49,380,429
39133,OH,Portage County,719,2783,3502
39135,OH,Preble County,162,698,860
39137,OH,Putnam County,44,545,589
39139,OH,Richland County,158,2150,2308
39141,OH,Ross County,199,1113,1312
39143,OH,Sandusky County,128,901,1029
39145,OH,Scioto County,102,1216,1318
39147,OH,Seneca County,66,1013,1079
39149,OH,Shelby County,102,729,831
39151,OH,Stark County,1388,6655,8043
39153,OH,Summit County,2682,9960,12642
39155,OH,Trumbull County,613,4340,4953
39157,OH,Tuscarawas County,216,1626,1842
39159,OH,Union County,172,677,849
39161,OH,Van Wert County,43,505,548
39163,OH,Vinton County,14,170,184
39165,OH,Warren County,1481,3898,5379
39167,OH,Washington County,163,1249,1412
39169,OH,Wayne County,337,1769,2106
39171,OH,Williams County,41,622,663
39173,OH,Wood County,550,1846,2396
39175,OH,Wyandot County,31,463,494
40001,OK,Adair County,86,497,583
40003,OK,Alfalfa County,32,193,225
40005,OK,Atoka County,55,409,464
40007,OK,Beaver County,35,189,224
40009,OK,Beckham County,137,721,858
40011,OK,Blaine County,45,294,339
40013,OK,Bryan County,134,1145,1279
40015,OK,Caddo County,90,781,871
40017,OK,Canadian County,1047,4280,5327
40019,OK,Carter County,238,1180,1418
40021,OK,Cherokee County,131,1121,1252
40023,OK,Choctaw County,82,555,637
40025,OK,Cimarron County,24,110,134
40027,OK,Cleveland County,2247,8638,10885
40029,OK,Coal County,26,123,149
40031,OK,Comanche County,475,2798,3273
40033,OK,Cotton County,19,174,193
40035,OK,Craig County,65,519,584
40037,OK,Creek County,323,2190,2513
40039,OK,Custer County,182,787,969
40041,OK,Delaware County,139,1422,1561
40043,OK,Dewey County,36,171,207
40045,OK,Ellis County,15,150,165
40047,OK,Garfield County,239,1885,2124
40049,OK,Garvin County,121,965,1086
40051,OK,Grady County,368,1863,2231
40053,OK,Grant County,.,.,206
40055,OK,Greer County,28,162,190
40057,OK,Harmon County,.,.,84
40059,OK,Harper County,14,120,134
40061,OK,Haskell County,51,563,614
40063,OK,Hughes County,68,398,466
40065,OK,Jackson County,85,546,631
40067,OK,Jefferson County,31,177,208
40069,OK,Johnston County,32,299,331
40071,OK,Kay County,138,1105,1243
40073,OK,Kingfisher County,130,591,721
40075,OK,Kiowa County,34,246,280
40077,OK,Latimer County,46,372,418
40079,OK,Le Flore County,171,1944,2115
40081,OK,Lincoln County,204,1119,1323
40083,OK,Logan County,339,1796,2135
40085,OK,Love County,50,233,283
40087,OK,McClain County,274,1323,1597
40089,OK,McCurtain County,137,1012,1149
40091,OK,McIntosh County,66,779,845
40093,OK,Major County,51,290,341
40095,OK,Marshall County,50,369,419
40097,OK,Mayes County,115,1146,1261
40099,OK,Murray County,42,309,351
40101,OK,Muskogee County,312,1790,2102
40103,OK,Noble County,50,253,303
40105,OK,Nowata County,39,346,385
40107,OK,Okfuskee County,41,304,345
40109,OK,Oklahoma County,6358,27587,33945
40111,OK,Okmulgee County,112,1009,1121
40113,OK,Osage County,228,1385,1613
40115,OK,Ottawa County,101,837,938
40117,OK,Pawnee County,51,476,527
40119,OK,Payne County,447,2143,2590
40121,OK,Pittsburg County,128,1154,1282
40123,OK,Pontotoc County,212,886,1098
40125,OK,Pottawatomie County,321,1914,2235
40127,OK,Pushmataha County,29,422,451
40129,OK,Roger Mills County,.,.,133
40131,OK,Rogers County,547,2671,3218
40133,OK,Seminole County,92,629,721
40135,OK,Sequoyah County,120,1223,1343
40137,OK,Stephens County,178,1317,1495
40139,OK,Texas County,64,592,656
40141,OK,Tillman County,34,206,240
40143,OK,Tulsa County,4568,21240,25808
40145,OK,Wagoner County,391,2384,2775
40147,OK,Washington County,199,1410,1609
40149,OK,Washita County,49,402,451
40151,OK,Woods County,21,243,264
40153,OK,Woodward County,78,706,784
41001,OR,Baker County,89,532,621
41003,OR,Benton County,748,1910,2658
41005,OR,Clackamas County,4912,9733,14645
41007,OR,Clatsop County,513,1348,1861
41009,OR,Columbia County,310,1011,1321
41011,OR,Coos County,334,1754,2088
41013,OR,Crook County,182,708,890
41015,OR,Curry County,224,921,1145
41017,OR,Deschutes County,2898,7926,10824
41019,OR,Douglas County,579,2271,2850
41021,OR,Gilliam County,12,69,81
41023,OR,Grant County,63,185,248
41025,OR,Harney County,54,244,298
41027,OR,Hood River County,515,1063,1578
41029,OR,Jackson County,2083,6269,8352
41031,OR,Jefferson County,135,485,620
41033,OR,Josephine County,644,2585,3229
41035,OR,Klamath County,456,1369,1825
41037,OR,Lake County,66,222,288
41039,OR,Lane County,2990,9718,12708
41041,OR,Lincoln County,506,1681,2187
41043,OR,Linn County,788,2436,3224
41045,OR,Malheur County,192,716,908
41047,OR,Marion County,2126,6300,8426
41049,OR,Morrow County,43,134,177
41051,OR,Multnomah County,12295,22825,35120
41053,OR,Polk County,565,1518,2083
41055,OR,Sherman County,16,57,73
41057,OR,Tillamook County,240,962,1202
41059,OR,Umatilla County,346,1330,1676
41061,OR,Union County,184,794,978
41063,OR,Wallowa County,141,430,571
41065,OR,Wasco County,195,684,879
41067,OR,Washington County,6031,12355,18386
41069,OR,Wheeler County,13,54,67
41071,OR,Yamhill County,893,2128,3021
42001,PA,Adams County,698,2839,3537
42003,PA,Allegheny County,14091,25538,39629
42005,PA,Armstrong County,331,1487,1818
42007,PA,Beaver County,1401,3607,5008
42009,PA,Bedford County,295,1297,1592
42011,PA,Berks County,4151,9821,13972
42013,PA,Blair County,575,2351,2926
42015,PA,Bradford County,385,1539,1924
42017,PA,Bucks County,6892,24631,31523
42019,PA,Butler County,1719,3601,5320
42021,PA,Cambria County,704,3099,3803
42023,PA,Cameron County,18,112,130
42025,PA,Carbon County,436,2001,2437
42027,PA,Centre County,943,2495,3438
42029,PA,Chester County,5805,14716,20521
42031,PA,Clarion County,203,1239,1442
42033,PA,Clearfield County,274,1872,2146
42035,PA,Clinton County,186,676,862
42037,PA,Columbia County,306,1493,1799
42039,PA,Crawford County,283,1605,1888
42041,PA,Cumberland County,2624,5337,7961
42043,PA,Dauphin County,2077,5270,7347
42045,PA,Delaware County,4957,19278,24235
42047,PA,Elk County,137,691,828
42049,PA,Erie County,1652,4725,6377
42051,PA,Fayette County,725,3207,3932
42053,PA,Forest County,20,131,151
42055,PA,Franklin County,868,3548,4416
42057,PA,Fulton County,84,343,427
42059,PA,Greene County,208,577,785
42061,PA,Huntingdon County,185,919,1104
42063,PA,Indiana County,485,1532,2017
42065,PA,Jefferson County,174,1167,1341
42067,PA,Juniata County,119,613,732
42069,PA,Lackawanna County,1288,6048,7336
42071,PA,Lancaster County,5507,11900,17407
42073,PA,Lawrence County,439,1963,2402
42075,PA,Lebanon County,971,2867,3838
42077,PA,Lehigh County,3348,9068,12416
42079,PA,Luzerne County,1550,8440,9990
42081,PA,Lycoming County,605,2824,3429
42083,PA,McKean County,141,610,751
42085,PA,Mercer County,399,2050,2449
42087,PA,Mifflin County,171,946,1117
42089,PA,Monroe County,1327,5386,6713
42091,PA,Montgomery County,8866,28411,37277
42093,PA,Montour County,54,304,358
42095,PA,Northampton County,2989,7814,10803
42097,PA,Northumberland County,255,1923,2178
42099,PA,Perry County,340,1209,1549
42101,PA,Philadelphia County,10446,48722,59168
42103,PA,Pike County,475,1986,2461
42105,PA,Potter County,62,405,467
42107,PA,Schuylkill County,731,3301,4032
42109,PA,Snyder County,160,1054,1214
42111,PA,Somerset County,350,2071,2421
42113,PA,Sullivan County,48,235,283
42115,PA,Susquehanna County,414,1436,1850
42117,PA,Tioga County,201,1013,1214
42119,PA,Union County,187,870,1057
42121,PA,Venango County,198,1309,1507
42123,PA,Warren County,151,805,956
42125,PA,Washington County,2028,4358,6386
42127,PA,Wayne County,394,2028,2422
42129,PA,Westmoreland County,3232,7961,11193
42131,PA,Wyoming County,180,933,1113
42133,PA,York County,2959,11151,14110
45001,SC,Abbeville County,76,880,956
45003,SC,Aiken County,493,5368,5861
45005,SC,Allendale County,25,274,299
45007,SC,Anderson County,542,8225,8767
45009,SC,Bamberg County,37,481,518
45011,SC,Barnwell County,35,565,600
45013,SC,Beaufort County,1308,7624,8932
45015,SC,Berkeley County,1077,7321,8398
45017,SC,Calhoun County,68,592,660
45019,SC,Charleston County,4456,18559,23015
45021,SC,Cherokee County,139,1684,1823
45023,SC,Chester County,96,1186,1282
45025,SC,Chesterfield County,129,1478,1607
45027,SC,Clarendon County,99,1273,1372
45029,SC,Colleton County,144,2261,2405
45031,SC,Darlington County,297,2770,3067
45033,SC,Dillon County,67,1170,1237
45035,SC,Dorchester County,805,5790,6595
45037,SC,Edgefield County,76,797,873
45039,SC,Fairfield County,105,853,958
45041,SC,Florence County,640,6164,6804
45043,SC,Georgetown County,353,3192,3545
45045,SC,Greenville County,3384,23671,27055
45047,SC,Greenwood County,193,2468,2661
45049,SC,Hampton County,38,785,823
45051,SC,Horry County,1888,20223,22111
45053,SC,Jasper County,115,1252,1367
45055,SC,Kershaw County,255,2665,2920
45057,SC,Lancaster County,476,3621,4097
45059,SC,Laurens County,189,2277,2466
45061,SC,Lee County,52,703,755
45063,SC,Lexington County,1320,10426,11746
45065,SC,McCormick County,26,292,318
45067,SC,Marion County,102,1489,1591
45069,SC,Marlboro County,85,837,922
45071,SC,Newberry County,123,1183,1306
45073,SC,Oconee County,303,2672,2975
45075,SC,Orangeburg County,273,3724,3997
45077,SC,Pickens County,448,4940,5388
45079,SC,Richland County,2442,15729,18171
45081,SC,Saluda County,63,620,683
45083,SC,Spartanburg County,1107,11154,12261
45085,SC,Sumter County,333,3663,3996
45087,SC,Union County,46,700,746
45089,SC,Williamsburg County,77,1429,1506
45091,SC,York County,1704,10706,12410
46003,SD,Aurora County,15,119,134
46005,SD,Beadle County,46,444,490
46007,SD,Bennett County,.,.,47
46009,SD,Bon Homme County,11,210,221
46011,SD,Brookings County,125,821,946
46013,SD,Brown County,124,923,1047
46015,SD,Brule County,16,190,206
46017,SD,Buffalo County,.,.,23
46019,SD,Butte County,28,272,300
46021,SD,Campbell County,.,.,48
46023,SD,Charles Mix County,24,278,302
46025,SD,Clark County,27,274,301
46027,SD,Clay County,78,363,441
46029,SD,Codington County,71,1140,1211
46031,SD,Corson County,.,.,51
46033,SD,Custer County,36,287,323
46035,SD,Davison County,40,466,506
46037,SD,Day County,24,419,443
46039,SD,Deuel County,17,175,192
46041,SD,Dewey County,.,.,58
46043,SD,Douglas County,16,107,123
46045,SD,Edmunds County,18,128,146
46047,SD,Fall River County,16,212,228
46049,SD,Faulk County,.,.,82
46051,SD,Grant County,22,206,228
46053,SD,Gregory County,12,264,276
46055,SD,Haakon County,.,.,73
46057,SD,Hamlin County,19,292,311
46059,SD,Hand County,.,.,111
46061,SD,Hanson County,.,.,50
46063,SD,Harding County,.,.,42
46065,SD,Hughes County,42,377,419
46067,SD,Hutchinson County,22,244,266
46069,SD,Hyde County,.,.,75
46071,SD,Jackson County,.,.,91
46073,SD,Jerauld County,.,.,83
46075,SD,Jones County,.,.,63
46077,SD,Kingsbury County,38,214,252
46079,SD,Lake County,49,392,441
46081,SD,Lawrence County,119,813,932
46083,SD,Lincoln County,244,1033,1277
46085,SD,Lyman County,12,118,130
46087,SD,McCook County,21,124,145
46089,SD,McPherson County,11,58,69
46091,SD,Marshall County,18,124,142
46093,SD,Meade County,79,685,764
46095,SD,Mellette County,.,.,61
46097,SD,Miner County,.,.,65
46099,SD,Minnehaha County,815,4716,5531
46101,SD,Moody County,28,175,203
46103,SD,Pennington County,313,2485,2798
46105,SD,Perkins County,14,125,139
46107,SD,Potter County,12,119,131
46109,SD,Roberts County,32,210,242
46111,SD,Sanborn County,.,.,120
46113,SD,Shannon County,54,153,207
46115,SD,Spink County,28,174,202
46117,SD,Stanley County,.,.,86
46119,SD,Sully County,.,.,56
46121,SD,Todd County,13,65,78
46123,SD,Tripp County,31,244,275
46125,SD,Turner County,39,272,311
46127,SD,Union County,110,385,495
46129,SD,Walworth County,17,164,181
46135,SD,Yankton County,74,607,681
46137,SD,Ziebach County,.,.,23
47001,TN,Anderson County,421,2335,2756
47003,TN,Bedford County,138,1456,1594
47005,TN,Benton County,75,561,636
47007,TN,Bledsoe County,21,359,380
47009,TN,Blount County,744,4380,5124
47011,TN,Bradley County,499,3397,3896
47013,TN,Campbell County,131,1194,1325
47015,TN,Cannon County,79,442,521
47017,TN,Carroll County,87,886,973
47019,TN,Carter County,216,1995,2211
47021,TN,Cheatham County,300,1409,1709
47023,TN,Chester County,53,518,571
47025,TN,Claiborne County,137,1009,1146
47027,TN,Clay County,40,370,410
47029,TN,Cocke County,118,1326,1444
47031,TN,Coffee County,181,1723,1904
47033,TN,Crockett County,47,523,570
47035,TN,Cumberland County,259,1839,2098
47037,TN,Davidson County,7596,27992,35588
47039,TN,Decatur County,28,532,560
47041,TN,DeKalb County,83,660,743
47043,TN,Dickson County,224,1903,2127
47045,TN,Dyer County,115,1257,1372
47047,TN,Fayette County,207,1417,1624
47049,TN,Fentress County,55,661,716
47051,TN,Franklin County,189,1244,1433
47053,TN,Gibson County,176,1784,1960
47055,TN,Giles County,82,1108,1190
47057,TN,Grainger County,113,856,969
47059,TN,Greene County,233,2282,2515
47061,TN,Grundy County,54,450,504
47063,TN,Hamblen County,258,2108,2366
47065,TN,Hamilton County,2526,13279,15805
47067,TN,Hancock County,.,.,305
47069,TN,Hardeman County,56,863,919
47071,TN,Hardin County,74,1007,1081
47073,TN,Hawkins County,170,1761,1931
47075,TN,Haywood County,87,577,664
47077,TN,Henderson County,108,1095,1203
47079,TN,Henry County,145,1108,1253
47081,TN,Hickman County,88,996,1084
47083,TN,Houston County,22,208,230
47085,TN,Humphreys County,46,582,628
47087,TN,Jackson County,43,471,514
47089,TN,Jefferson County,273,1803,2076
47091,TN,Johnson County,67,477,544
47093,TN,Knox County,3544,15918,19462
47095,TN,Lake County,.,.,166
47097,TN,Lauderdale County,73,706,779
47099,TN,Lawrence County,138,1814,1952
47101,TN,Lewis County,43,541,584
47103,TN,Lincoln County,96,1373,1469
47105,TN,Loudon County,289,1645,1934
47107,TN,McMinn County,151,1468,1619
47109,TN,McNairy County,89,920,1009
47111,TN,Macon County,99,806,905
47113,TN,Madison County,484,3821,4305
47115,TN,Marion County,112,881,993
47117,TN,Marshall County,133,956,1089
47119,TN,Maury County,481,3036,3517
47121,TN,Meigs County,42,345,387
47123,TN,Monroe County,185,1358,1543
47125,TN,Montgomery County,763,3843,4606
47127,TN,Moore County,.,.,182
47129,TN,Morgan County,66,440,506
47131,TN,Obion County,97,943,1040
47133,TN,Overton County,87,797,884
47135,TN,Perry County,18,292,310
47137,TN,Pickett County,19,240,259
47139,TN,Polk County,70,589,659
47141,TN,Putnam County,412,2841,3253
47143,TN,Rhea County,108,825,933
47145,TN,Roane County,240,1430,1670
47147,TN,Robertson County,399,2017,2416
47149,TN,Rutherford County,1895,8170,10065
47151,TN,Scott County,78,666,744
47153,TN,Sequatchie County,60,491,551
47155,TN,Sevier County,645,5016,5661
47157,TN,Shelby County,6425,33367,39792
47159,TN,Smith County,67,632,699
47161,TN,Stewart County,46,386,432
47163,TN,Sullivan County,701,5586,6287
47165,TN,Sumner County,1234,5370,6604
47167,TN,Tipton County,302,1561,1863
47169,TN,Trousdale County,47,236,283
47171,TN,Unicoi County,75,577,652
47173,TN,Union County,65,610,675
47175,TN,Van Buren County,17,224,241
47177,TN,Warren County,153,1358,1511
47179,TN,Washington County,789,4698,5487
47181,TN,Wayne County,42,772,814
47183,TN,Weakley County,113,846,959
47185,TN,White County,114,1092,1206
47187,TN,Williamson County,2769,7070,9839
47189,TN,Wilson County,896,3996,4892
48001,TX,Anderson County,188,1140,1328
48003,TX,Andrews County,83,345,428
48005,TX,Angelina County,261,2585,2846
48007,TX,Aransas County,211,1134,1345
48009,TX,Archer County,24,242,266
48011,TX,Armstrong County,.,.,49
48013,TX,Atascosa County,287,1807,2094
48015,TX,Austin County,197,1147,1344
48017,TX,Bailey County,21,266,287
48019,TX,Bandera County,158,774,932
48021,TX,Bastrop County,612,3011,3623
48023,TX,Baylor County,.,.,103
48025,TX,Bee County,136,699,835
48027,TX,Bell County,1616,6905,8521
48029,TX,Bexar County,15072,77620,92692
48031,TX,Blanco County,90,580,670
48033,TX,Borden County,.,.,24
48035,TX,Bosque County,96,703,799
48037,TX,Bowie County,404,2430,2834
48039,TX,Brazoria County,2582,10871,13453
48041,TX,Brazos County,1085,4705,5790
48043,TX,Brewster County,72,472,544
48045,TX,Briscoe County,.,.,76
48047,TX,Brooks County,48,239,287
48049,TX,Brown County,124,1002,1126
48051,TX,Burleson County,95,599,694
48053,TX,Burnet County,432,1883,2315
48055,TX,Caldwell County,207,1318,1525
48057,TX,Calhoun County,123,668,791
48059,TX,Callahan County,65,442,507
48061,TX,Cameron County,2162,18244,20406
48063,TX,Camp County,49,417,466
48065,TX,Carson County,32,145,177
48067,TX,Cass County,150,870,1020
48069,TX,Castro County,27,255,282
48071,TX,Chambers County,178,826,1004
48073,TX,Cherokee County,166,1437,1603
48075,TX,Childress County,20,145,165
48077,TX,Clay County,33,254,287
48079,TX,Cochran County,.,.,95
48081,TX,Coke County,.,.,105
48083,TX,Coleman County,44,294,338
48085,TX,Collin County,10713,38829,49542
48087,TX,Collingsworth County,18,85,103
48089,TX,Colorado County,117,951,1068
48091,TX,Comal County,1377,4363,5740
48093,TX,Comanche County,72,527,599
48095,TX,Concho County,24,110,134
48097,TX,Cooke County,189,1158,1347
48099,TX,Coryell County,251,1168,1419
48101,TX,Cottle County,.,.,41
48103,TX,Crane County,20,118,138
48105,TX,Crockett County,20,107,127
48107,TX,Crosby County,36,187,223
48109,TX,Culberson County,.,.,113
48111,TX,Dallam County,27,265,292
48113,TX,Dallas County,20896,111741,132637
48115,TX,Dawson County,40,313,353
48117,TX,Deaf Smith County,79,527,606
48119,TX,Delta County,22,137,159
48121,TX,Denton County,6940,31944,38884
48123,TX,DeWitt County,127,618,745
48125,TX,Dickens County,.,.,55
48127,TX,Dimmit County,63,546,609
48129,TX,Donley County,20,112,132
48131,TX,Duval County,54,376,430
48133,TX,Eastland County,94,691,785
48135,TX,Ector County,817,3943,4760
48137,TX,Edwards County,.,.,99
48139,TX,Ellis County,882,6380,7262
48141,TX,El Paso County,5220,57702,62922
48143,TX,Erath County,249,1348,1597
48145,TX,Falls County,84,512,596
48147,TX,Fannin County,145,972,1117
48149,TX,Fayette County,196,867,1063
48151,TX,Fisher County,20,120,140
48153,TX,Floyd County,22,178,200
48155,TX,Foard County,.,.,42
48157,TX,Fort Bend County,8335,39174,47509
48159,TX,Franklin County,61,426,487
48161,TX,Freestone County,74,537,611
48163,TX,Frio County,79,663,742
48165,TX,Gaines County,83,376,459
48167,TX,Galveston County,2724,11356,14080
48169,TX,Garza County,16,140,156
48171,TX,Gillespie County,143,1231,1374
48173,TX,Glasscock County,15,57,72
48175,TX,Goliad County,49,242,291
48177,TX,Gonzales County,92,582,674
48179,TX,Gray County,94,513,607
48181,TX,Grayson County,477,3889,4366
48183,TX,Gregg County,719,4173,4892
48185,TX,Grimes County,162,772,934
48187,TX,Guadalupe County,999,3857,4856
48189,TX,Hale County,99,936,1035
48191,TX,Hall County,15,104,119
48193,TX,Hamilton County,61,312,373
48195,TX,Hansford County,22,187,209
48197,TX,Hardeman County,40,112,152
48199,TX,Hardin County,365,1435,1800
48201,TX,Harris County,37432,202224,239656
48203,TX,Harrison County,326,2140,2466
48205,TX,Hartley County,34,138,172
48207,TX,Haskell County,47,244,291
48209,TX,Hays County,2481,7556,10037
48211,TX,Hemphill County,32,84,116
48213,TX,Henderson County,368,3044,3412
48215,TX,Hidalgo County,4437,33697,38134
48217,TX,Hill County,197,1221,1418
48219,TX,Hockley County,87,579,666
48221,TX,Hood County,343,2240,2583
48223,TX,Hopkins County,127,1161,1288
48225,TX,Houston County,74,513,587
48227,TX,Howard County,177,914,1091
48229,TX,Hudspeth County,18,253,271
48231,TX,Hunt County,443,3051,3494
48233,TX,Hutchinson County,74,480,554
48235,TX,Irion County,11,54,65
48237,TX,Jack County,38,286,324
48239,TX,Jackson County,56,395,451
48241,TX,Jasper County,227,1336,1563
48243,TX,Jeff Davis County,.,.,85
48245,TX,Jefferson County,1338,7052,8390
48247,TX,Jim Hogg County,19,152,171
48249,TX,Jim Wells County,237,1487,1724
48251,TX,Johnson County,818,5952,6770
48253,TX,Jones County,67,481,548
48255,TX,Karnes County,90,362,452
48257,TX,Kaufman County,467,4314,4781
48259,TX,Kendall County,378,1209,1587
48261,TX,Kenedy County,.,.,.
48263,TX,Kent County,.,.,27
48265,TX,Kerr County,273,2038,2311
48267,TX,Kimble County,19,205,224
48271,TX,Kinney County,.,.,123
48273,TX,Kleberg County,140,891,1031
48275,TX,Knox County,27,155,182
48277,TX,Lamar County,174,1368,1542
48279,TX,Lamb County,54,499,553
48281,TX,Lampasas County,108,541,649
48283,TX,La Salle County,31,252,283
48285,TX,Lavaca County,100,575,675
48287,TX,Lee County,131,531,662
48289,TX,Leon County,72,603,675
48291,TX,Liberty County,368,2424,2792
48293,TX,Limestone County,94,663,757
48295,TX,Lipscomb County,11,71,82
48297,TX,Live Oak County,59,372,431
48299,TX,Llano County,166,886,1052
48301,TX,Loving County,.,.,.
48303,TX,Lubbock County,1687,7708,9395
48305,TX,Lynn County,28,134,162
48307,TX,McCulloch County,29,241,270
48309,TX,McLennan County,1425,6433,7858
48311,TX,McMullen County,.,.,50
48313,TX,Madison County,53,338,391
48315,TX,Marion County,42,375,417
48317,TX,Martin County,18,128,146
48319,TX,Mason County,17,175,192
48321,TX,Matagorda County,224,1378,1602
48323,TX,Maverick County,146,2668,2814
48325,TX,Medina County,276,1777,2053
48327,TX,Menard County,18,75,93
48329,TX,Midland County,943,3711,4654
48331,TX,Milam County,151,661,812
48333,TX,Mills County,30,162,192
48335,TX,Mitchell County,46,167,213
48337,TX,Montague County,120,676,796
48339,TX,Montgomery County,4920,18152,23072
48341,TX,Moore County,67,474,541
48343,TX,Morris County,40,382,422
48345,TX,Motley County,0,34,34
48347,TX,Nacogdoches County,311,2521,2832
48349,TX,Navarro County,209,1658,1867
48351,TX,Newton County,51,445,496
48353,TX,Nolan County,56,396,452
48355,TX,Nueces County,2728,10070,12798
48357,TX,Ochiltree County,73,281,354
48359,TX,Oldham County,15,69,84
48361,TX,Orange County,327,2040,2367
48363,TX,Palo Pinto County,144,1169,1313
48365,TX,Panola County,135,712,847
48367,TX,Parker County,694,4886,5580
48369,TX,Parmer County,27,247,274
48371,TX,Pecos County,67,438,505
48373,TX,Polk County,297,1830,2127
48375,TX,Potter County,380,2843,3223
48377,TX,Presidio County,44,225,269
48379,TX,Rains County,41,419,460
48381,TX,Randall County,781,3215,3996
48383,TX,Reagan County,21,91,112
48385,TX,Real County,17,174,191
48387,TX,Red River County,64,441,505
48389,TX,Reeves County,44,273,317
48391,TX,Refugio County,28,252,280
48393,TX,Roberts County,.,.,21
48395,TX,Robertson County,94,533,627
48397,TX,Rockwall County,739,3813,4552
48399,TX,Runnels County,45,385,430
48401,TX,Rusk County,199,1506,1705
48403,TX,Sabine County,39,340,379
48405,TX,San Augustine County,39,317,356
48407,TX,San Jacinto County,119,870,989
48409,TX,San Patricio County,465,2055,2520
48411,TX,San Saba County,29,214,243
48413,TX,Schleicher County,19,67,86
48415,TX,Scurry County,63,369,432
48417,TX,Shackelford County,11,134,145
48419,TX,Shelby County,93,759,852
48421,TX,Sherman County,.,.,85
48423,TX,Smith County,1472,7789,9261
48425,TX,Somervell County,58,321,379
48427,TX,Starr County,236,3369,3605
48429,TX,Stephens County,47,368,415
48431,TX,Sterling County,.,.,61
48433,TX,Stonewall County,.,.,49
48435,TX,Sutton County,29,145,174
48437,TX,Swisher County,26,215,241
48439,TX,Tarrant County,14001,86832,100833
48441,TX,Taylor County,700,3427,4127
48443,TX,Terrell County,.,.,74
48445,TX,Terry County,45,293,338
48447,TX,Throckmorton County,.,.,54
48449,TX,Titus County,89,806,895
48451,TX,Tom Green County,666,3402,4068
48453,TX,Travis County,21652,51441,73093
48455,TX,Trinity County,55,352,407
48457,TX,Tyler County,103,623,726
48459,TX,Upshur County,196,1415,1611
48461,TX,Upton County,14,52,66
48463,TX,Uvalde County,158,1570,1728
48465,TX,Val Verde County,127,2519,2646
48467,TX,Van Zandt County,277,2237,2514
48469,TX,Victoria County,463,2406,2869
48471,TX,Walker County,204,1370,1574
48473,TX,Waller County,272,1594,1866
48475,TX,Ward County,63,250,313
48477,TX,Washington County,232,1097,1329
48479,TX,Webb County,1227,14578,15805
48481,TX,Wharton County,190,1558,1748
48483,TX,Wheeler County,28,152,180
48485,TX,Wichita County,349,2991,3340
48487,TX,Wilbarger County,31,262,293
48489,TX,Willacy County,69,1087,1156
48491,TX,Williamson County,6585,18872,25457
48493,TX,Wilson County,245,1588,1833
48495,TX,Winkler County,48,176,224
48497,TX,Wise County,361,2533,2894
48499,TX,Wood County,166,1712,1878
48501,TX,Yoakum County,23,196,219
48503,TX,Young County,107,593,700
48505,TX,Zapata County,61,472,533
48507,TX,Zavala County,46,556,602
49001,UT,Beaver County,20,362,382
49003,UT,Box Elder County,135,2513,2648
49005,UT,Cache County,508,6813,7321
49007,UT,Carbon County,27,903,930
49009,UT,Daggett County,.,.,71
49011,UT,Davis County,3014,13417,16431
49013,UT,Duchesne County,81,890,971
49015,UT,Emery County,16,395,411
49017,UT,Garfield County,.,.,376
49019,UT,Grand County,36,985,1021
49021,UT,Iron County,199,2696,2895
49023,UT,Juab County,30,675,705
49025,UT,Kane County,17,546,563
49027,UT,Millard County,36,618,654
49029,UT,Morgan County,40,543,583
49031,UT,Piute County,.,.,111
49033,UT,Rich County,.,.,221
49035,UT,Salt Lake County,10931,54137,65068
49037,UT,San Juan County,17,322,339
49039,UT,Sanpete County,52,1512,1564
49041,UT,Sevier County,85,1318,1403
49043,UT,Summit County,827,2607,3434
49045,UT,Tooele County,321,2292,2613
49047,UT,Uintah County,117,1494,1611
49049,UT,Utah County,5060,32362,37422
49051,UT,Wasatch County,206,2306,2512
49053,UT,Washington County,760,11286,12046
49055,UT,Wayne County,13,179,192
49057,UT,Weber County,1477,9658,11135
51001,VA,Accomack County,191,1518,1709
51003,VA,Albemarle County,1518,3971,5489
51005,VA,Alleghany County,62,991,1053
51007,VA,Amelia County,131,647,778
51009,VA,Amherst County,182,1234,1416
51011,VA,Appomattox County,139,706,845
51013,VA,Arlington County,3479,7256,10735
51015,VA,Augusta County,701,3335,4036
51017,VA,Bath County,26,250,276
51019,VA,Bedford County,625,3450,4075
51021,VA,Bland County,11,168,179
51023,VA,Botetourt County,192,1324,1516
51025,VA,Brunswick County,96,656,752
51027,VA,Buchanan County,52,612,664
51029,VA,Buckingham County,72,631,703
51031,VA,Campbell County,389,2239,2628
51033,VA,Caroline County,173,1092,1265
51035,VA,Carroll County,131,1371,1502
51036,VA,Charles City County,50,319,369
51037,VA,Charlotte County,74,543,617
51041,VA,Chesterfield County,4288,13811,18099
51043,VA,Clarke County,154,627,781
51045,VA,Craig County,37,185,222
51047,VA,Culpeper County,254,2105,2359
51049,VA,Cumberland County,87,424,511
51051,VA,Dickenson County,41,442,483
51053,VA,Dinwiddie County,163,870,1033
51057,VA,Essex County,58,499,557
51059,VA,Fairfax County,14949,58142,73091
51061,VA,Fauquier County,672,2653,3325
51063,VA,Floyd County,115,1098,1213
51065,VA,Fluvanna County,213,1027,1240
51067,VA,Franklin County,327,2626,2953
51069,VA,Frederick County,632,3041,3673
51071,VA,Giles County,56,607,663
51073,VA,Gloucester County,183,1541,1724
51075,VA,Goochland County,377,1018,1395
51077,VA,Grayson County,62,792,854
51079,VA,Greene County,176,796,972
51081,VA,Greensville County,64,448,512
51083,VA,Halifax County,184,1582,1766
51085,VA,Hanover County,1443,4272,5715
51087,VA,Henrico County,4963,15395,20358
51089,VA,Henry County,384,3022,3406
51091,VA,Highland County,11,188,199
51093,VA,Isle of Wight County,178,1248,1426
51095,VA,James City County,472,2337,2809
51097,VA,King and Queen County,41,332,373
51099,VA,King George County,102,637,739
51101,VA,King William County,138,620,758
51103,VA,Lancaster County,75,633,708
51105,VA,Lee County,57,608,665
51107,VA,Loudoun County,4815,14299,19114
51109,VA,Louisa County,295,1468,1763
51111,VA,Lunenburg County,39,498,537
51113,VA,Madison County,83,616,699
51115,VA,Mathews County,53,465,518
51117,VA,Mecklenburg County,132,1467,1599
51119,VA,Middlesex County,84,622,706
51121,VA,Montgomery County,557,3002,3559
51125,VA,Nelson County,171,913,1084
51127,VA,New Kent County,211,755,966
51131,VA,Northampton County,84,756,840
51133,VA,Northumberland County,57,614,671
51135,VA,Nottoway County,38,533,571
51137,VA,Orange County,263,1459,1722
51139,VA,Page County,101,1074,1175
51141,VA,Patrick County,91,831,922
51143,VA,Pittsylvania County,608,3413,4021
51145,VA,Powhatan County,345,1183,1528
51147,VA,Prince Edward County,107,780,887
51149,VA,Prince George County,196,782,978
51153,VA,Prince William County,4251,23497,27748
51155,VA,Pulaski County,120,995,1115
51157,VA,Rappahannock County,95,494,589
51159,VA,Richmond County,51,360,411
51161,VA,Roanoke County,580,4195,4775
51163,VA,Rockbridge County,144,1371,1515
51165,VA,Rockingham County,371,3394,3765
51167,VA,Russell County,102,856,958
51169,VA,Scott County,44,607,651
51171,VA,Shenandoah County,288,1750,2038
51173,VA,Smyth County,92,1087,1179
51175,VA,Southampton County,103,595,698
51177,VA,Spotsylvania County,990,4732,5722
51179,VA,Stafford County,1045,4159,5204
51181,VA,Surry County,40,339,379
51183,VA,Sussex County,35,383,418
51185,VA,Tazewell County,126,1299,1425
51187,VA,Warren County,295,1439,1734
51191,VA,Washington County,254,2285,2539
51193,VA,Westmoreland County,88,721,809
51195,VA,Wise County,107,1085,1192
51197,VA,Wythe County,89,973,1062
51199,VA,York County,353,1988,2341
51510,VA,Alexandria city,2185,6677,8862
51515,VA,Bedford city,16,125,141
51520,VA,Bristol city,67,607,674
51530,VA,Buena Vista city,25,162,187
51540,VA,Charlottesville city,929,1989,2918
51550,VA,Chesapeake city,1266,7861,9127
51570,VA,Colonial Heights city,121,747,868
51580,VA,Covington city,.,.,205
51590,VA,Danville city,307,1816,2123
51595,VA,Emporia city,.,.,85
51600,VA,Fairfax city,354,1222,1576
51610,VA,Falls Church city,275,788,1063
51620,VA,Franklin city,34,282,316
51630,VA,Fredericksburg city,256,999,1255
51640,VA,Galax city,26,223,249
51650,VA,Hampton city,696,4616,5312
51660,VA,Harrisonburg city,231,1379,1610
51670,VA,Hopewell city,107,697,804
51678,VA,Lexington city,37,140,177
51680,VA,Lynchburg city,525,2684,3209
51683,VA,Manassas city,365,1813,2178
51685,VA,Manassas Park city,144,938,1082
51690,VA,Martinsville city,113,745,858
51700,VA,Newport News city,1009,5898,6907
51710,VA,Norfolk city,1436,7522,8958
51720,VA,Norton city,.,.,81
51730,VA,Petersburg city,182,1081,1263
51735,VA,Poquoson city,61,378,439
51740,VA,Portsmouth city,524,3049,3573
51750,VA,Radford city,60,418,478
51760,VA,Richmond city,3823,10294,14117
51770,VA,Roanoke city,590,3834,4424
51775,VA,Salem city,134,956,1090
51790,VA,Staunton city,218,900,1118
51800,VA,Suffolk city,411,2563,2974
51810,VA,Virginia Beach city,2952,18755,21707
51820,VA,Waynesboro city,142,678,820
51830,VA,Williamsburg city,79,453,532
51840,VA,Winchester city,239,977,1216
55001,WI,Adams County,118,710,828
55003,WI,Ashland County,97,890,987
55005,WI,Barron County,268,2247,2515
55007,WI,Bayfield County,97,1017,1114
55009,WI,Brown County,2076,8413,10489
55011,WI,Buffalo County,88,875,963
55013,WI,Burnett County,79,787,866
55015,WI,Calumet County,319,1467,1786
55017,WI,Chippewa County,342,2826,3168
55019,WI,Clark County,192,1717,1909
55021,WI,Columbia County,357,1499,1856
55023,WI,Crawford County,57,633,690
55025,WI,Dane County,4411,12170,16581
55027,WI,Dodge County,600,2534,3134
55029,WI,Door County,685,2106,2791
55031,WI,Douglas County,150,1470,1620
55033,WI,Dunn County,164,1535,1699
55035,WI,Eau Claire County,566,3680,4246
55037,WI,Florence County,.,.,245
55039,WI,Fond du Lac County,705,2958,3663
55041,WI,Forest County,37,499,536
55043,WI,Grant County,287,1913,2200
55045,WI,Green County,294,1153,1447
55047,WI,Green Lake County,95,540,635
55049,WI,Iowa County,149,913,1062
55051,WI,Iron County,31,524,555
55053,WI,Jackson County,63,816,879
55055,WI,Jefferson County,658,2433,3091
55057,WI,Juneau County,124,734,858
55059,WI,Kenosha County,812,5674,6486
55061,WI,Kewaunee County,212,918,1130
55063,WI,La Crosse County,462,3692,4154
55065,WI,Lafayette County,111,711,822
55067,WI,Langlade County,77,1079,1156
55069,WI,Lincoln County,106,1425,1531
55071,WI,Manitowoc County,653,3117,3770
55073,WI,Marathon County,784,5741,6525
55075,WI,Marinette County,301,2068,2369
55077,WI,Marquette County,71,542,613
55078,WI,Menominee County,.,.,37
55079,WI,Milwaukee County,5283,32959,38242
55081,WI,Monroe County,201,1421,1622
55083,WI,Oconto County,329,1780,2109
55085,WI,Oneida County,310,2389,2699
55087,WI,Outagamie County,1237,5986,7223
55089,WI,Ozaukee County,902,3363,4265
55091,WI,Pepin County,30,428,458
55093,WI,Pierce County,213,1432,1645
55095,WI,Polk County,182,2248,2430
55097,WI,Portage County,431,2953,3384
55099,WI,Price County,61,832,893
55101,WI,Racine County,1074,6077,7151
55103,WI,Richland County,100,624,724
55105,WI,Rock County,939,4068,5007
55107,WI,Rusk County,64,769,833
55109,WI,St. Croix County,427,2972,3399
55111,WI,Sauk County,417,2007,2424
55113,WI,Sawyer County,124,859,983
55115,WI,Shawano County,358,1969,2327
55117,WI,Sheboygan County,795,3769,4564
55119,WI,Taylor County,75,1094,1169
55121,WI,Trempealeau County,166,1015,1181
55123,WI,Vernon County,183,1034,1217
55125,WI,Vilas County,219,1926,2145
55127,WI,Walworth County,1068,3933,5001
55129,WI,Washburn County,77,916,993
55131,WI,Washington County,916,4755,5671
55133,WI,Waukesha County,3695,10652,14347
55135,WI,Waupaca County,305,2280,2585
55137,WI,Waushara County,120,993,1113
55139,WI,Winnebago County,984,5417,6401
55141,WI,Wood County,449,3371,3820
54001,WV,Barbour County,13,293,306
54003,WV,Berkeley County,382,1853,2235
54005,WV,Boone County,26,288,314
54007,WV,Braxton County,27,329,356
54009,WV,Brooke County,62,461,523
54011,WV,Cabell County,372,1451,1823
54013,WV,Calhoun County,14,128,142
54015,WV,Clay County,.,.,172
54017,WV,Doddridge County,29,112,141
54019,WV,Fayette County,69,828,897
54021,WV,Gilmer County,19,117,136
54023,WV,Grant County,.,.,213
54025,WV,Greenbrier County,84,890,974
54027,WV,Hampshire County,76,448,524
54029,WV,Hancock County,100,625,725
54031,WV,Hardy County,37,292,329
54033,WV,Harrison County,269,1229,1498
54035,WV,Jackson County,82,427,509
54037,WV,Jefferson County,295,1065,1360
54039,WV,Kanawha County,623,3207,3830
54041,WV,Lewis County,49,289,338
54043,WV,Lincoln County,43,328,371
54045,WV,Logan County,60,463,523
54047,WV,McDowell County,11,187,198
54049,WV,Marion County,174,901,1075
54051,WV,Marshall County,75,509,584
54053,WV,Mason County,96,350,446
54055,WV,Mercer County,136,1097,1233
54057,WV,Mineral County,65,430,495
54059,WV,Mingo County,44,411,455
54061,WV,Monongalia County,413,1541,1954
54063,WV,Monroe County,39,445,484
54065,WV,Morgan County,61,354,415
54067,WV,Nicholas County,63,550,613
54069,WV,Ohio County,192,846,1038
54071,WV,Pendleton County,18,262,280
54073,WV,Pleasants County,.,.,135
54075,WV,Pocahontas County,21,269,290
54077,WV,Preston County,63,553,616
54079,WV,Putnam County,269,936,1205
54081,WV,Raleigh County,166,1352,1518
54083,WV,Randolph County,41,558,599
54085,WV,Ritchie County,16,163,179
54087,WV,Roane County,36,321,357
54089,WV,Summers County,34,202,236
54091,WV,Taylor County,42,210,252
54093,WV,Tucker County,19,203,222
54095,WV,Tyler County,29,214,243
54097,WV,Upshur County,75,400,475
54099,WV,Wayne County,103,502,605
54101,WV,Webster County,17,111,128
54103,WV,Wetzel County,75,378,453
54105,WV,Wirt County,.,.,95
54107,WV,Wood County,255,1536,1791
54109,WV,Wyoming County,49,327,376
56001,WY,Albany County,137,1247,1384
56003,WY,Big Horn County,44,489,533
56005,WY,Campbell County,164,908,1072
56007,WY,Carbon County,48,436,484
56009,WY,Converse County,64,340,404
56011,WY,Crook County,22,368,390
56013,WY,Fremont County,162,1581,1743
56015,WY,Goshen County,20,687,707
56017,WY,Hot Springs County,.,.,180
56019,WY,Johnson County,41,437,478
56021,WY,Laramie County,328,2492,2820
56023,WY,Lincoln County,74,1288,1362
56025,WY,Natrona County,317,2323,2640
56027,WY,Niobrara County,.,.,146
56029,WY,Park County,130,1700,1830
56031,WY,Platte County,25,327,352
56033,WY,Sheridan County,135,1258,1393
56035,WY,Sublette County,39,592,631
56037,WY,Sweetwater County,132,1036,1168
56039,WY,Teton County,319,2493,2812
56041,WY,Uinta County,69,594,663
56043,WY,Washakie County,27,314,341
56045,WY,Weston County,41,196,237
,XX,Unknown,37,103,140
Unsuppressed Total,,,1478948,8147034,9625982
